戒烟	199	1
清华大学游泳馆 学生票价格	18606	1
留美 手提行李 液体	9681	2
死飞自行车购买 清华	19787	2
国际航班 手提 托运 体积 重量 限制	20589	4
托运行李 电脑 美国	17079	1
戒烟好处	1899	4
google眼镜 价格	23004	2
清华大学陈明游泳馆学生价格	1981	2
新员工培训大约十人的破冰游戏	21854	2
清华大学游泳馆所在地	3718	3
北京旅行5月	2758	3
谷歌眼镜价格	2587	2
iphone6 港版价格	12074	3
留美 行李中什么必须托运	9732	1
清华附近自行车店	10007	1
iphone6 国行价格	12093	4
国际航班 美国 行李限制	24277	2
托运行李 电脑	17036	2
密云水库住宿	24553	3
辽宁号基本信息	1192	3
清华附近死飞	21205	3
清华大学游泳馆时间	3455	2
清华西门死飞	21274	1
辽宁号航母 基本信息	5898	4
港版iphone6 z	10698	3
怀柔度假村 3日游 价格	6932	2
清华附近买自行车	2524	2
港版 iphone6关税 	20395	2
5月香山	2817	1
清华大学游泳馆 西湖游泳馆	16865	3
美国 托运行李规定	25481	3
死飞  注意事项	22852	2
死飞自行车 报价	16358	2
清华大学 游泳 票价	7606	3
辽宁号 战略作用	8343	3
旅行	10345	2
清华大学附近 死飞自行车	9943	1
港版iphone6支持国内网络运营商	13294	4
5月北京周边游	25991	2
国际航班 美国 行李限制	24276	3
死飞自行车 购买	15424	2
iphone6 大陆 港版  价格	3296	4
北京周边7日游 报价	12607	2
辽宁号 与其他航母的优劣比较	23644	3
清华附近买自行车	2523	3
在香港买手机带回大陆需要关税吗	11722	2
清华西门 死飞	6509	2
死飞自行车销售地址	9229	3
美国 手提行李限制	8448	2
香港 iphone6   关税	18249	2
港版iphone6  国内运营商网络支持	23230	4
清华大学 十渡	26104	1
密云水库住宿	24551	4
清华附近卖死飞	21230	2
国际航班对行李中液体限制	19817	3
山海关旅游 7天	19628	4
辽宁号 排水量	16463	2
国内iphone6售价	9317	3
辽宁号与其他航母相比 优势和劣势	20882	2
航母的战略意义	22196	4
清华西门 死飞公园	25680	1
谷歌眼镜功能 使用方式	24224	3
清华大学游泳馆 价钱	11751	1
辽宁号的基本信息	21365	3
菜户营桥西公交站	8032	4
死飞	22115	3
清华大学陈明游泳馆价格	1950	2
死飞报价	25759	4
破冰游戏 	25033	2
美国 托运行李规定	25479	3
那些行李必须手提	24690	1
留美 什么必须托运	9706	4
北京周边五月一周度假旅行	10283	1
故宫周边交通	13924	2
山海关旅游 7天	19627	2
5月北京周边	20689	2
死飞 清华大学附近	7973	3
国内 iphone6  价格  	18207	3
港版iphone6需要关税吗	22317	2
清华大学 陈明游泳馆	8163	3
去美国 不能托运的	25561	1
清华大学游泳馆 西湖游泳馆	16863	4
谷歌眼镜 使用方法	4965	2
北京周边 度假旅行	15092	3
死飞自行车注意事项	22374	4
 新人培训 破冰游戏	20499	2
辽宁号的基本信息	21368	1
香港购买iphone6 关税多少	14470	2
死飞 海淀	3150	3
港版国行iphone6 价格对比	6241	3
死飞 清华大学 购买	11953	2
国际航班手提行李能带多少液体	21567	2
北京度假旅行  一周旅行团	18372	2
托运行李限制 国际航班	19338	4
如何在香港购买iphone6	13251	3
北京5月 周边旅游 攻略	6816	2
辽宁号与美国航母对比	26324	3
辽宁号的优势与劣势	20025	1
国行iphone6  价格	8409	4
死飞自行车 清华大学附近 购买渠道	15322	3
辽宁号 优势和劣势	22175	1
国际航班行李	21509	4
港iphone6  国内运营商	18270	3
iphone6 香港售价	23161	4
去十渡怎么去	26080	2
辽宁号的优点	9449	1
十渡住宿	24478	3
死飞自行车 购买 注意事项	15457	2
破冰游戏 新员工培训	14186	1
清华大学游泳馆信息	21878	2
清华大学西门 哪里卖死飞	25658	2
死飞自行车购买注意事项	2502	2
清华大学 哪里卖死飞	25631	1
清华 死飞自行车	16267	2
国际航班 液体登机	7284	2
北京周边7日游 报价	12608	2
北京周边7日游 花费	12651	2
去美国 不能托运的	25559	3
国际航班手提行李 液体	14539	3
大兴野生动物园	26278	3
死飞自行车 清华附近 购买渠道	22649	2
北戴河旅游	19539	2
清华大学游泳馆 时间	16782	2
国内iphone6价格	13229	3
辽宁号  	17502	3
谷歌眼镜使用方式	9139	1
苹果官网	25395	2
员工破冰游戏	10255	3
北京周边旅游地点 7日游	19467	1
港版 大陆iphone6	20365	3
辽宁号 优	3370	3
戒烟 好处	8289	4
清华大学游泳馆学生票价	23111	1
十人破冰游戏	13686	3
港版iphone6和内地差价	24018	2
清华大学游泳馆 游泳卡办理	19969	3
清华陈明游泳馆 开放时间	7496	4
清华大学露天泳池 学生价格	25275	2
北京度假旅行景点推荐	13861	1
哪些物品 手提行李	16209	3
死飞自行车 购买注意事项	23883	2
谷歌眼镜 使用说明	11665	2
辽宁号 尺寸	16483	3
清华大学附近死飞自行车购买	19670	2
港版iphone6支持内地运营商网络吗	21493	4
死飞自行车 清华附近 购买地点	22765	2
港版iphone	21478	3
国际航班行李限制	13590	4
北京周边 度假旅行 一周	15132	2
国际航班 手提行李 液体 规定	12850	3
 新人培训 破冰游戏	20495	3
辽宁号相对于其他国家的优点	9435	2
iphone6大陆售价	22336	3
辽宁号优劣势	1214	1
港版iphone6 需不需要关税	19893	2
5月香山	2814	1
故宫周边旅店	13892	3
清华大学	23925	3
哪些物品必须托运	16241	2
 清华大学  购买死飞	17825	2
北京五月份一周度假旅行	2238	3
破冰游戏  员工培训	25064	3
北京周边5日游	23283	2
港版iphone6能否支持国内的通信	19926	4
清华 死飞 注意事项	6587	3
留美 行李中什么必须托运	9728	2
国际航班 手提行李 液体	12816	3
新手十人破冰游戏	13712	3
辽宁号 战略价值	10641	1
谷歌眼镜使用方法	20317	4
清华 死飞自行车	16269	2
辽宁号 排水量	16459	2
北京旅行5月香山	2782	1
清华附近购买死飞自行车  价格区间	22810	2
北京度假旅行景点	13827	1
航母历史	14899	3
北京周边旅游7天	19442	2
5月北京附近旅游地	23991	3
死飞自行车购买渠道 北京	16288	3
国际航班手提行李可携带液体数	13634	2
死飞自行车购买渠道	14071	2
5月北京周边 7天	20737	1
北京周边7日游 花费	12647	3
辽宁号 优劣	3354	3
清华大学游泳馆学生票	3479	2
内地iphone6价格	21442	3
辽宁号  历史	17480	1
死飞自行车 北京  清华大学 购买渠道	22721	2
清华大学 买自行车	12027	3
破冰游戏 员工培训 10人左右	14201	3
香港购买ipo	14384	2
死飞自行车 购买 注意	15473	2
清华附近购买死飞自行车  价格区间	22813	2
清华买死飞	6459	2
手提行李限制 国际航班	2629	4
北京旅行	2725	2
破冰游戏 员工 十人	7429	1
死飞公园 清华 价格	17299	2
清华大学 购买死飞自行车	19692	2
国际航班 行李物品要求	7132	4
破冰游戏 十个人	8978	3
北京周围 度假旅行 7日	15203	1
北京周边旅游景点 7日游	12574	3
5月北京周边旅游	11412	3
清华大学 哪里有卖 死飞	22058	2
iphone6国行 价格	16745	4
死飞自行车购买清华大学附近	19741	2
清华大学附近哪里卖自行车	12054	2
购买港版iphone6是否缴纳关税	24670	2
北京附近度假地	23964	4
辽宁号战略作用	13051	2
携港版iphone6回内地需要交关税吗	24046	2
港版iphone6过关	22005	2
香港购买iphone 关税	14417	2
港版iphone6价格	10680	2
手提行李限制 液体	8502	2
国际航班 行李限制	12800	3
清华大学游泳馆 学生票	15302	2
破冰游戏 互相介绍  公司	17143	3
谷歌眼镜 使用	11034	3
北京周边一周度假旅行	2260	3
iphone6 香港 国内网络支持	23196	3
5月北京周边旅游	11411	3
淘宝	11614	3
香港购买iphone6	1126	3
托运行李 电脑 美国	17077	2
清华大学游泳馆 价格	18684	1
谷歌眼镜 如何使用	25372	3
清华大学陈明游泳馆学生价格	1984	2
辽宁号航母的优势和劣势	24421	2
北京5月 度假 攻略	6848	3
辽宁号 维基	12757	1
死飞自行车  价格区间	22824	2
国际航班 托运行李限制	23399	4
辽宁号 基本信息	3321	1
港版iphone6价格	10678	3
北京 死飞	11582	4
港币汇率	14347	4
戒烟副作用	2605	2
北京五月份一周度假旅行	2235	1
清华大学 死飞自行车	10741	1
北戴河旅游 7天	19575	3
辽宁号 不足	3398	2
清华大学游泳馆 学生	3495	2
清华大学游泳馆 价格	18686	3
天龙潭村旅游报价	24946	2
港版国行iphone6 价格	6265	3
国际航班 手提液体	23464	3
iphone6价格	10089	4
航母的战略作用	4706	3
北京周边旅游 一周	18740	2
辽宁号 排水量	16460	2
清华附近 死飞 注意事项	21092	1
辽宁号 维基	12754	2
死飞自行车 清华附近 价格区间	22788	2
清华附近自行车店	10008	2
国际航班 托运行李	10579	4
港版iphone6  价格	8380	3
百度旅游	21964	1
清华大学 自行车	10808	2
国际航班中乘客可以携带多少液体	23823	2
清华大学附近购买死飞自行车的渠道	9178	2
清华 陈明游泳馆 票价	7575	2
大陆iphone6	3257	2
北戴河旅游 7天	19576	3
港版iphone6  国内运营商网络支持	23234	4
辽宁号航母 优劣	14943	2
清华大学游泳馆 学生票	15300	2
香港购买ipo	14380	2
北京周边旅游 一周	18739	2
清华大学 死飞自行车市场	10921	2
辽宁号 其他国家航母 比较	9579	3
北京旅游住宿花费 昌平	9105	1
清华大学游泳馆 学生票价格	18607	1
谷歌眼镜 百科	22901	3
国际航班托运行李 	14570	4
国际航班 手提 托运 体积 重量 限制	20588	4
菜户营桥西公交站 地图	8058	3
戒烟好处	1896	2
内地iphone6	24605	2
新员工培训大约十人的破冰游戏	21855	2
清华大学游泳馆 tsinghua	23128	1
iphone6价格	10087	3
红螺寺 攻略	26180	4
死飞公园 买死飞注意事项	25702	3
清华大学 游泳馆	8130	3
5月在北京度假旅行	11201	1
iphone6 国行价格	12092	3
托运行李 电脑	17039	1
旅行路线	10369	2
辽宁号基本信息	1193	3
清华附近死飞	21204	1
淘宝	11618	3
北京周边 度假旅行 7日	15170	2
辽宁号 百科	22578	1
辽宁号的优劣	9414	2
红螺寺 攻略	26179	3
清华西门死飞	21273	4
google眼镜 使用方式	22981	1
国际航班 必须托运行李	23428	3
辽宁号航母 基本信息	5899	3
航空母舰的战略意义	26296	3
港版iphone6 z	10697	3
北京周边旅游 价格	23310	3
5月香山	2816	1
清华大学游泳馆 游泳卡价格	19945	1
清华大学游泳馆学生价	13511	1
国际航班 禁止托运	7223	4
清华大学 游泳 票价	7607	1
旅行	10344	2
港版iphone6支持国内网络运营商	13295	3
5月北京周边游	25988	3
清华大学附近 死飞 购买	21004	1
龙庆峡住宿	24514	3
死飞自行车 购买	15425	3
辽宁号的基本信息	21366	2
液体、气雾剂及凝胶在国际航班上的规定	8765	1
iphone6 大陆 港版  价格	3299	2
清华大学 游泳馆	8128	4
去十渡怎么去	26076	4
港版 大陆iphone6 价格	20384	3
辽宁号 与其他航母的优劣比较	23645	3
清华西门 死飞	6510	2
死飞自行车销售地址	9226	2
死飞自行车 价格区间	23902	2
戒烟 方法	14868	3
手提行李限制 国际航班 液体	19267	3
清华附近卖死飞	21231	2
山海关旅游 7天	19629	2
北京周边旅游 多日游	18770	3
清华大学附近的自行车专卖店	9268	1
清华大学游泳馆 价钱	11750	2
手提行李中不能携带的物品	8786	3
死飞	22114	3
清华大学陈明游泳馆价格	1949	3
谷歌眼镜 维基百科	22926	2
国际航班 手提行李限制	11813	3
破冰游戏 	25034	4
清华大学 死飞	7954	1
托运行李 国际航班 电脑	17115	3
故宫周边交通	13923	3
5月北京周边	20688	2
死飞 清华大学附近	7972	3
香港购买iphone6带回要交关税？	13271	2
港版iphone6需要关税吗	22316	3
死飞自行车 北京	24088	2
清华大学 陈明游泳馆	8162	2
辽宁号的优势与劣势	20023	1
死飞自行车 购买	15423	2
去美国 不能托运的	25560	2
手提行李   液体容量	17603	3
谷歌眼镜 使用方法	4964	2
北京周边 度假旅行	15095	2
谷歌眼镜 使用方式	8561	3
 新人培训 破冰游戏	20498	2
香港购买iphone6 关税多少	14471	2
死飞 海淀	3149	2
港版国行iphone6 价格对比	6240	3
死飞自行车 北京 购买渠道	22691	2
留美 手提行李 液体	9684	3
国际航班手提行李能带多少液体	21566	2
清华大学西门 哪里卖死飞	25660	1
北京度假旅行  一周旅行团	18375	2
怀柔旅游	22427	2
中国运营商支持港版iphone6	2447	3
手提行李 液体	8736	3
北京5月 周边旅游 攻略	6817	2
 新人培训 破冰游戏 10人	20513	2
辽宁号的优势与劣势	20027	1
google眼镜 百度百科	22966	2
辽宁号的优势与劣势	20024	1
清华大学游泳馆 价钱	11752	1
死飞报价	25763	3
港版iphone6 内地运营商	10722	2
死飞自行车 清华大学附近 购买渠道	15321	2
国际航班行李	21508	4
港iphone6  国内运营商	18271	3
死飞自行车 清华附近 注意事项	22741	2
谷歌眼镜功能	10978	2
清华西门卖死飞	21254	2
十渡住宿	24479	4
清华大学西门 哪里卖死飞	25659	2
死飞自行车购买注意事项	2503	2
辽宁号航母基本信息	24399	2
清华大学 哪里卖死飞	25630	1
5月北京周边旅游目的地	20763	2
破冰游戏 新员工培训 十人	16145	3
辽宁号航母 相比别国 优劣	14960	2
北京周边7日游 报价	12609	2
去美国 不能托运的	25558	1
手提行李限制 国际	16976	4
大兴野生动物园	26277	3
死飞自行车 注意事项	5621	2
关于合作的10人左右破冰游戏	24066	2
清华西门卖死飞	21257	2
国内iphone6价格	13228	3
死飞公园 清华	17268	3
苹果官网	25392	4
密云水库住宿	24552	4
谷歌眼镜售价	9157	2
死飞自行车 购买注意事项	23885	1
港版 大陆iphone6	20364	3
辽宁号 优	3371	3
戒烟 好处	8288	3
死飞自行车  清华西门	18011	2
十人破冰游戏	13687	4
港版iphone6和内地差价	24019	2
清华大学游泳馆 位置	22288	3
清华陈明游泳馆 开放时间	7497	3
清华大学露天泳池 学生价格	25274	2
留美 行李限制	9627	1
国际航班 手提行李限制	11814	3
哪些物品 手提行李	16208	3
如何在香港购买iphone6	13255	4
死飞自行车 购买注意事项	23882	2
故宫周边交通线	13967	1
谷歌眼镜 使用说明	11664	2
清华 附近  死飞实体店	10057	2
清华大学附近死飞自行车购买	19671	1
死飞 价格	3181	3
死飞自行车 清华附近 购买地点	22766	1
死飞自行车 清华附近 购买	22627	2
清华大学游泳馆具体位置	24856	3
港版iphone6能否支持国内的通信	19925	3
清华大学游泳馆时间	3454	2
港iphone6  国内运营商	18272	3
死飞自行车 	23854	2
iphone6大陆售价	22337	3
清华 死飞自行车	16268	2
国际航班 液体登机	7285	2
在香港买iphone6	21986	4
北京周边旅游7天	19444	1
辽宁号 优劣势	12783	2
哪些物品必须托运	16240	2
辽宁号基本信息百科	13759	2
美国 不能带上飞机的行李	25511	3
北京周边5日游	23282	1
iphone6国内售价	19853	3
清华 死飞 注意事项	6586	1
死飞价格区间	25809	2
辽宁号 战略意义	7406	2
谷歌眼镜 百科	22899	4
清华陈明游泳馆 价格	7518	2
清华大学 买自行车	12029	2
清华附近购买死飞自行车  价格区间	22811	1
北京度假旅行景点	13826	4
北京周边五月一周度假旅行	10284	2
购买港版iphone6	19878	2
5月北京附近旅游地	23990	2
国际航班中手提行李中可以有多少液体	8699	3
清华 陈明游泳馆 价格	7548	2
死飞自行车购买渠道 北京	16289	2
5月北京度旅游	11392	2
国际航班手提行李可携带液体数	13635	2
iphone6国内售价	19850	2
有效戒烟	16680	2
死飞报价	25761	3
辽宁号 优劣	3355	2
国际航班行李限制统一规定	13610	3
清华大学游泳馆学生票	3476	3
死飞 五道口	7991	2
托运行李 	17633	3
辽宁号航母 优势	15008	2
清华大学 买自行车	12026	2
必须手提的行李	24299	3
5月北京度旅游	11390	1
清华大学 哪里有卖 死飞	22060	2
死飞自行车 购买 注意	15474	2
清华买死飞	6458	2
北京及周边休闲7日游 价格	12709	3
北京旅行	2722	4
破冰游戏 员工 十人	7428	3
港版国行iphone6 价格	6269	2
港版iphone6过关	22003	1
10人 破冰游戏	11555	3
吸烟 危害	17669	4
清华大学 购买死飞自行车	19693	3
国际航班 行李物品要求	7131	4
在香港购买iphone6价格	10112	4
清华大学游泳馆 学生票	15303	2
破冰游戏 十个人	8979	2
北京周围 度假旅行 7日	15202	2
死飞 购买注意	11980	1
托运行李 电脑 美国	17075	2
天龙潭村旅游报价	24943	3
清华大学 哪里有卖 死飞	22059	3
辽宁号航母 优劣	14947	2
iphone6国行 价格	16744	2
死飞自行车购买清华大学附近	19742	1
死飞大概的价格	21342	4
港版iphone6能否支持国内的移动通信	19909	3
死飞自行车 海淀	5595	2
死飞自行车购买	19760	3
购买死飞自行车	9297	3
港版iphone6过关	22004	2
国际航班 托运行李限制	23401	4
破冰游戏 企业培训	17171	3
辽宁号 与其他国家航母比较	9565	3
清华大学 自行车	10807	3
死飞 清华大学哪里有卖	11995	3
死飞自行车 清华周边	19207	1
谷歌眼镜 使用	11033	2
戒烟本身的副作用	12288	2
国际航班 手提 不能托运	7312	2
北京周边一周度假旅行	2261	2
清华 陈明游泳馆 票价	7578	2
谷歌眼镜使用方式	9140	2
辽宁号 不足	3399	2
清华大学 游泳 票价	7609	2
托运行李 电脑 美国	17076	2
谷歌眼镜 如何使用	25373	2
清华大学陈明游泳馆学生价格	1985	2
辽宁号航母的优势和劣势	24418	2
辽宁号航母基本信息	24402	1
清华附近 死飞 注意事项	21090	1
辽宁号基本信息百科	13761	4
辽宁号 维基	12756	2
港版iphone6 大陆iphone6	8364	3
死飞 购买注意事项	3237	2
北京 死飞	11581	2
港币汇率	14344	4
清华大学 死飞自行车	10740	2
北戴河旅游 7天	19574	1
国际航班手提行李不能带 	14636	4
国际航班 手提液体	23465	3
辽宁号航母 优劣	14945	3
清华 死飞专卖	11641	2
死飞自行车 清华附近 购买渠道	22652	2
北京周边旅游 一周	18741	2
死飞公园 买死飞注意事项	25699	2
清华附近 死飞 注意事项	21093	1
辽宁号 其他国家航母 比较	9580	2
死飞自行车 清华附近 价格区间	22787	2
国际航班 行李限制	12798	4
辽宁号优劣	24791	2
在香港买iphone 6	25455	3
北京5月 周边旅游推荐	6748	2
清华大学 自行车	10809	3
辽宁号航母 优势	15005	3
国际航班中乘客可以携带多少液体	23822	4
清华大学附近购买死飞自行车的渠道	9179	2
google眼镜 价格	23001	2
大陆iphone6	3256	2
天龙潭村	24909	4
香港购买ipo	14381	2
死飞自行车 清华大学 攻略	10960	1
辽宁号 比较	9545	4
清华大学 死飞自行车市场	10920	2
辽宁号 优势劣势	19401	3
北京附近度假地	23967	4
港版iphone6 入关关税	6223	3
破冰游戏  员工培训	25062	1
留美 手提行李 液体	9683	3
国际航班托运行李 	14571	3
到美国的国际航班行李	21536	3
美国 托运行李限制	8475	4
菜户营桥西公交站 地图	8059	3
戒烟好处	1897	4
内地iphone6	24604	2
新员工培训大约十人的破冰游戏	21852	2
清华大学游泳馆 tsinghua	23129	3
iphone6价格	10086	2
清华大学陈明游泳馆学生价格	1983	2
国际航班 必须托运行李	23426	4
航空母舰 战略作用	11679	4
清华大学游泳馆 游泳卡价格	19943	2
iphone6 国行价格	12095	2
北京旅游住宿花费	9074	2
清华大学游泳馆 场次	16832	2
托运行李 电脑	17038	2
辽宁号基本信息	1194	2
破冰游戏 十人	23618	3
清华大学附近 死飞 购买	21002	2
北京周边度假旅行 一周	12432	3
辽宁号 百科	22579	3
戒烟 副作用	8314	2
港版iphone6 入关	6200	2
港版iphone6  价格	8379	4
google眼镜 使用方式	22980	2
国际航班 必须托运行李	23429	3
北京周边旅游 价格	23309	3
港版 iphone6关税 	20393	2
清华西门 死飞	6512	2
港版iphone6能否支持国内的通信	19929	4
清华大学游泳馆 游泳卡价格	19944	2
戒烟方法	9752	4
国际航班 禁止托运	7222	3
北京周边五月一周度假旅行	10285	2
死飞自行车清华附近	24978	2
清华大学附近 死飞自行车	9941	1
5月北京周边游	25989	2
购买港版iphone6	19879	3
戒烟 方法	14866	2
国际航班 美国 行李限制	24278	3
港版iphone6 入关	6199	2
死飞自行车 购买	15426	3
液体、气雾剂及凝胶在国际航班上的规定	8766	1
手提行李中不能携带的物品	8788	2
iphone6 大陆 港版  价格	3298	2
留美 国际航班 手提行李限制	9598	2
去十渡怎么去	26077	3
在香港买手机带回大陆需要关税吗	11720	3
清华西门 死飞	6511	2
北京度假旅行 5月	24449	2
死飞自行车销售地址	9227	3
死飞自行车 价格区间	23903	2
戒烟 方法	14869	1
北京周边旅游景点	12545	3
清华大学游泳馆 开放时间	5268	2
托运行李 国际航班 电脑	17117	3
清华大学 十渡	26106	2
死飞自行车 报价	16361	3
清华大学附近购买死飞自行车	10760	2
山海关旅游 7天	19630	2
北京周边旅游 多日游	18771	2
清华大学附近的自行车专卖店	9269	2
辽宁号的优劣	9416	4
清华西门 死飞公园	25682	1
死飞自行车 清华附近	2483	2
清华大学游泳馆 价钱	11749	3
手提行李   液体容量	17605	3
网上买死飞 注意事项	6678	2
手提行李中不能携带的物品	8787	3
死飞	22113	2
死飞自行车价格	9963	3
辽宁号的优点	9445	2
破冰游戏 	25035	2
iphone6 大陆 港版  价格	3295	3
清华大学游泳馆 地点	21143	2
清华大学 死飞	7955	2
留美 什么必须托运	9704	3
国际航班中手提行李中可以有多少液体	8701	3
5月北京周边	20687	3
死飞 清华大学附近	7975	1
香港购买iphone6带回要交关税？	13270	3
买死飞注意事项	21325	1
5月北京周边 7天	20739	1
死飞自行车 北京	24089	2
国际航班 行李物品液体要求	7158	4
清华大学游泳馆 游泳卡	18632	2
北京周边7日游 花费	12649	2
辽宁号 不足	3397	3
手提行李   液体容量	17602	3
清华大学 陈明游泳馆 价格	8187	2
北京周边 度假旅行	15094	2
辽宁号  基本信息	17438	2
谷歌眼镜 使用方式	8560	2
北京度假旅行  怀柔度假村	18491	3
 新人培训 破冰游戏	20497	3
香港购买iphone6 关税多少	14468	2
死飞 海淀	3148	3
清华大学露天游泳馆	25250	2
北京周边旅游推荐	6725	3
死飞自行车  购买注意事项	17939	2
航母作用	3423	4
北京度假旅行  一周旅行团	18374	2
托运行李限制 国际航班	19336	4
怀柔旅游	22426	2
清华大学附近哪里卖死飞	25607	1
怀柔	22396	2
清华 游泳 票价	7747	4
google眼镜 百度百科	22965	2
5月北京周边旅游 价格	23342	3
死飞自行车 清华大学附近 购买渠道	15320	2
北京周边旅游地点	19418	3
国际航班行李	21507	3
买死飞注意事项	21327	2
北京周边旅游 价格	23313	3
清华西门卖死飞	21255	2
破冰游戏 新员工培训	14184	2
谷歌眼镜售价	9155	2
国际航班中哪些行李必须手提	23759	4
清华大学游泳馆 地址	15237	3
新员工培训时的破冰游戏	9003	2
死飞自行车 清华	3096	2
5月北京周边旅游目的地	20762	2
国际航班 液体登机	7286	3
辽宁号航母 相比别国 优劣	14961	3
北京及周边休闲7日游线路	12683	2
国际航班 手提行李 液体 规定	12846	4
谷歌眼镜 功能能	14824	2
北戴河旅游	19537	2
必须手提的行李	24296	3
北京旅游住宿花费	9077	1
辽宁号  	17504	3
苹果官网	25393	4
清华大学 哪里有卖 死飞	22061	1
北京周边旅游地点 7日游	19465	2
死飞自行车 购买注意事项	23884	2
香港 iphone6  价格  	18226	3
北京周边  7天旅游	12510	1
辽宁号 优	3372	3
辽宁号  战略目标	17456	3
死飞自行车  清华西门	18008	2
北京及周边休闲7日游线路	12684	2
清华大学游泳馆 位置	22289	3
清华大学陈明游泳馆价格	1952	3
清华陈明游泳馆 开放时间	7494	4
港版iphone6缴纳关税	24252	2
留美 国际航班 手提行李限制	9597	2
哪些物品 手提行李	16211	4
死飞 清华附近	8085	2
辽宁号 优势和劣势	22178	1
故宫周边交通线	13966	1
清华大学附近 购买自行车	10842	2
港版iphone	21476	2
死飞自行车 清华附近 购买	22626	1
北京周边 度假旅行 一周	15130	3
有效戒烟	16679	1
国际航班 手提行李 液体 规定	12848	3
港iphone6  国内运营商	18273	3
国际航班中有关行李的规定	23698	4
清华陈明游泳馆 价格	7519	2
戒烟的益处	13531	3
iphone6 大陆 港版	3276	3
手提行李液体 	2691	3
港版iphone6 需不需要关税	19895	2
青龙峡 红螺寺	26260	3
故宫周边旅店	13894	1
手提行李限制 国际航班	2633	3
港版iphone6 大陆运营商	22025	3
在香港买iphone6	21987	3
死飞自行车  清华大学  注意事项	17775	1
清华大学游泳馆 地图	15268	3
破冰游戏作用	14254	2
清华 陈明游泳馆 价格	7546	2
北京周边5日游	23281	2
iphone6国内售价	19852	2
清华 死飞 注意事项	6585	2
山海关旅游 7天	19626	2
破冰游戏  十人	7453	2
破冰游戏  员工培训 10人	25093	2
辽宁号与其他国家航母的对比	22457	2
手提行李液体 	2692	3
清华大学 买自行车	12028	3
北京周边游 攻略	26204	3
辽宁号 排水量	16461	3
航母作用	3424	4
死飞自行车 购买 注意	15476	4
清华大学 游泳馆	8129	3
北京度假旅行景点	13829	4
手提行李限制 国际航班 液体	19268	3
死飞公园 清华附近	8108	4
港版iphone6价格	10682	3
清华 陈明游泳馆 价格	7549	2
5月北京度旅游	11393	1
有效戒烟	16681	3
死飞报价	25760	3
辽宁号 优劣	3352	2
国际航班行李限制统一规定	13611	3
清华大学游泳馆学生票	3477	2
谷歌眼镜 功能	4917	2
北京周边一周度假旅行	2264	2
北京周边旅游景点 7日游	12571	3
死飞 五道口	7990	1
死飞自行车 北京  清华大学 购买渠道	22723	1
谷歌眼镜功能	10974	2
北京旅游花费	9050	1
破冰游戏 员工培训 10人左右	14203	3
5月北京度旅游	11391	1
如何在香港购买iphone6	13252	4
死飞自行车 购买 注意	15475	2
清华大学游泳馆 具体地址	25199	3
清华买死飞	6457	2
北京及周边休闲7日游 价格	12708	3
清华大学附近哪里卖自行车	12051	2
港版 大陆iphone6 价格	20381	2
北京旅行	2723	3
港版iphone6过关	22002	2
清华 死飞 推荐	6534	3
北京5月 度假 攻略	6845	1
港版iphone6 国行 价格	16727	3
辽宁号航母 优势	15009	2
死飞自行车购买渠道	14072	2
死飞 清华大学哪里有卖	11997	1
破冰游戏 十个人	8976	3
破冰游戏 互相介绍  公司	17146	2
如何购买港版iphone6	9343	2
iphone6	349	4
在香港购买iphone6价格	10110	3
死飞大概的价格	21343	1
戒烟本身的副作用	12287	1
港版iphone6能否支持国内的移动通信	19908	4
死飞自行车 海淀	5592	3
清华大学游泳馆 西湖游泳馆	16866	2
购买死飞自行车	9296	2
港版iphone6 入关关税	6225	2
港版iphone6 价格	16708	3
辽宁号 与其他国家航母比较	9564	4
死飞自行车 清华周边	19206	2
北京5月 周边旅游 报价	6778	2
国际航班 手提 不能托运	7313	2
北京周边一周度假旅行	2262	3
清华 陈明游泳馆 票价	7579	3
港版iphone6支持国内网络运营商	13296	3
谷歌眼镜 如何使用	25374	2
死飞自行车 清华附近 注意事项	22743	1
辽宁号航母的优势和劣势	24419	3
戒烟的副作用	4386	2
辽宁号航母基本信息	24401	3
清华附近 死飞 注意事项	21091	1
港版iphone6 大陆iphone6	8363	4
北京周边旅游	11474	2
港版iphone6 在哪买	6170	2
辽宁号基本信息百科	13757	1
破冰游戏  十人	7452	4
死飞 购买注意事项	3238	2
辽宁号航母 优势	15006	2
香港购买iphone6 关税	1145	2
港币汇率	14345	4
陈明游泳馆 时间	16808	2
破冰游戏作用	14255	3
北戴河旅游 7天	19573	3
辽宁号和别国航母相比 优势和劣势	22163	2
国际航班手提行李不能带 	14637	4
北京度假旅行  怀柔度假村	18493	1
谷歌眼镜 功能	4916	2
北京周边旅游 一周	18742	2
北京周边旅游地点	19420	3
死飞自行车 清华附近 价格区间	22786	2
北京附近度假地	23966	4
国际航班 行李限制	12799	4
清华大学到十渡	26143	2
百度旅游	21966	3
戒烟的好处	22475	4
美国 托运行李限制	8474	3
十渡住宿	24480	3
清华大学附近购买死飞自行车的渠道	9180	1
google眼镜 价格	23000	4
大陆iphone6	3259	2
清华大学游泳馆 学生	3496	2
清华附近 死飞 购买	21066	2
香港购买ipo	14382	3
清华大学陈明游泳馆学生价格	1982	2
谷歌眼镜价格	2583	2
破冰游戏  员工培训	25063	4
戒烟的好处	22476	3
国际航班托运行李 	14572	4
到美国的国际航班行李	21537	2
清华大学游泳馆学生价	13515	2
香港购买iphone6 关税	1143	3
内地iphone6	24607	3
北京周边游 	26228	3
辽宁号战略意义	20001	4
google眼镜 维基百科	22945	2
戒烟 副作用	8316	2
清华大学游泳馆所在地	3715	3
国际航班 必须托运行李	23427	3
死飞自行车购买 清华	19790	1
5月在北京度假旅行	11203	2
在香港买手机带回大陆需要关税吗	11719	2
液体、气雾剂及凝胶在国际航班上的规定	8768	3
清华大学陈明游泳馆学生卡	2042	3
iphone6 国行价格	12094	3
香港购买ipo	14383	2
内地iphone6价格	21438	2
辽宁号与美国航母对比	26323	3
死飞自行车清华附近	24980	1
死飞自行车	77	2
留美 行李限制	9626	2
清华大学附近 死飞 购买	21001	2
飞机 托运行李限制	23372	4
辽宁号 百科	22576	4
戒烟 副作用	8315	2
港版iphone6 入关	6201	2
辽宁号的优势与劣势	20026	1
怀柔度假村 3日游 价格	6929	2
清华西门 死飞	6513	2
戒烟方法	9755	2
清华大学 死飞自行车市场	10922	2
国际航班 禁止托运	7225	2
留美 什么必须托运	9703	1
清华大学 游泳 票价	7605	2
5月 北京周边旅游 	20810	3
那些行李必须手提	24689	3
龙庆峡住宿	24512	3
港版iphone6  国内网络支持	23212	3
死飞自行车 购买	15427	3
液体、气雾剂及凝胶在国际航班上的规定	8767	2
清华大学游泳馆 所在地	12403	3
谷歌眼镜 维基百科	22923	1
去十渡怎么去	26078	2
在香港买手机带回大陆需要关税吗	11721	2
北京度假旅行 5月	24448	1
 买死飞注意事项	25723	1
死飞自行车 北京 购买渠道	22689	3
在香港买iphone 6	25458	4
死飞自行车 价格区间	23900	4
戒烟 方法	14870	2
北京周边旅游景点	12544	3
托运行李 国际航班 电脑	17116	3
清华附近卖死飞	21229	2
清华大学附近购买死飞自行车	10761	3
国际航班对行李中液体限制	19820	3
国际航班手提行李限制	14511	3
清华大学附近的自行车专卖店	9266	2
5月北京周边 7天	20738	1
死飞自行车 清华附近	2482	2
清华大学游泳馆 游泳卡办理	19971	2
北京周边7日游 花费	12648	2
网上买死飞 注意事项	6677	1
死飞	22112	4
死飞自行车价格	9962	4
死飞自行车 清华附近 购买渠道	22650	1
辽宁号的优点	9446	2
辽宁号  基本信息	17439	2
国际航班中哪些行李必须托运	23724	4
留美 什么必须托运	9705	2
死飞自行车  购买注意事项	17941	2
国际航班中手提行李中可以有多少液体	8702	1
怀柔旅游	22428	3
死飞 清华大学附近	7974	1
怀柔	22394	4
港版iphone6需要关税吗	22318	2
死飞自行车 北京	24086	3
国际航班 行李物品液体要求	7159	3
清华大学 陈明游泳馆	8160	4
去美国 不能托运的	25562	3
清华大学 陈明游泳馆 价格	8186	3
iphone6 香港售价	23157	2
谷歌眼镜 使用方式	8563	3
死飞自行车注意事项	22371	3
香港购买iphone6 关税多少	14469	2
清华大学露天游泳馆	25249	4
国际航班中哪些行李必须托运	23723	3
北京周边旅游推荐	6724	2
谷歌眼镜 百科	22900	4
死飞自行车购买注意事项	2506	1
托运行李限制 国际航班	19337	3
清华大学附近哪里卖死飞	25606	1
怀柔	22397	3
清华大学 哪里卖死飞	25627	2
清华 游泳 票价	7746	2
国际航班 液体登机	7288	3
清华大学游泳馆信息	21877	2
google眼镜 百度百科	22964	2
北京周边游 	26229	1
破冰游戏 自我介绍	11145	2
港版iphone6 内地运营商	10724	2
北京周边的度假胜地	9025	3
买死飞注意事项	21326	2
北京周边旅游 价格	23312	2
国际航班 行李要求	7086	4
北京度假旅行景点推荐	13864	3
北京旅游住宿花费	9076	2
国内iphone6价格	13225	4
破冰游戏 新员工培训	14185	2
死飞自行车 清华大学附近 购买	15369	2
国际航班中哪些行李必须手提	23758	4
港版 大陆iphone6	20361	3
新员工培训时的破冰游戏	9002	1
死飞自行车 清华	3097	2
5月北京周边旅游目的地	20761	2
破冰游戏 新员工培训 十人	16147	2
北京周边5月 度假 攻略	6908	2
辽宁号航母 相比别国 优劣	14962	2
哪些物品只能托运	8816	4
北京及周边休闲7日游线路	12682	3
手提行李限制 国际	16978	4
国际航班 手提行李 液体 规定	12847	3
谷歌眼镜 功能能	14825	3
关于合作的10人左右破冰游戏	24068	4
留美 国际航班 手提行李限制	9595	3
辽宁号  	17505	1
死飞公园 清华	17270	3
清华 附近  死飞	10034	1
清华大学游泳馆 地图	15269	2
死飞 价格	3178	3
北京周边5月 度假 攻略	6907	2
港版iphone	21474	3
死飞自行车 清华附近 购买	22628	2
清华大学游泳馆 位置	22290	3
清华陈明游泳馆 开放时间	7495	3
港版iphone6缴纳关税	24251	2
死飞自行车 	23851	3
清华 游泳卡	7775	2
戒烟的益处	13533	3
哪些物品 手提行李	16210	3
香港 超过多少钱需要交关税	25430	2
辽宁号优势	2463	2
故宫周边交通线	13965	1
清华 附近  死飞实体店	10059	2
清华大学附近死飞自行车购买	19669	2
辽宁号 战略作用	8346	2
怀柔度假村 3日游 花费	6961	1
港版iphone	21477	4
十人破冰游戏	13688	4
北京周边 度假旅行 一周	15131	2
港版iphone6 z	10701	2
北京五月一周度假旅行	2207	1
国际航班 手提行李 液体 规定	12849	3
iphone6 香港售价 关税	23178	2
国际航班 手提行李 液体	12820	3
辽宁号与其他国家航母对比	26345	3
死飞自行车 	23852	3
北京周边旅游景点	12543	2
iphone6 大陆 港版	3277	2
港版iphone6 需不需要关税	19894	2
青龙峡 红螺寺	26259	2
清华大学陈明游泳馆	1927	3
谷歌眼镜 使用说明	11663	3
手提行李限制 国际航班	2632	3
港版iphone6 大陆运营商	22024	2
国际航班手提行李可携带液体	13655	3
死飞自行车  清华大学  注意事项	17774	1
清华大学	23928	3
哪些物品必须托运	16242	2
清华大学 自行车市场	10885	3
死飞 注意事项	3213	2
清华 陈明游泳馆 价格	7547	3
北京周边5日游	23280	2
港版iphone6 运营商	6184	3
辽宁号相对于其他国家的优点	9436	3
死飞自行车清华大学	10935	2
破冰游戏  十人	7450	3
死飞自行车 清华大学 攻略	10958	1
破冰游戏  员工培训 10人	25092	2
辽宁号与其他国家航母的对比	22456	3
辽宁号 战略价值	10642	3
 清华大学  死飞专卖店	17883	1
国际航班中哪些行李必须手提	23762	3
死飞自行车 购买 注意	15477	2
清华附近购买死飞自行车  价格区间	22809	2
北京度假旅行景点	13828	3
北京周边五月一周度假旅行	10282	2
港版iphone6 购买	16196	2
死飞公园 清华附近	8111	2
航母历史	14900	3
5月北京附近旅游地	23988	2
手提行李液体 国际航班	2657	4
十渡攻略	26050	3
5月北京度旅游	11394	2
辽宁号 尺寸	16482	2
北京周边7日游 花费	12650	2
死飞自行车清华大学	10938	2
国际航班行李限制统一规定	13608	4
新手十人破冰游戏	13710	3
死飞自行车 北京  清华大学 购买渠道	22722	2
北京旅游花费	9051	2
托运行李 	17635	4
国际航班 行李要求	7084	4
清华大学 哪里有卖 死飞	22062	1
 清华大学  死飞专卖店	17884	1
港版 大陆iphone6 价格	20380	2
破冰游戏 员工 十人	7430	2
清华 死飞 推荐	6535	2
辽宁号 优势劣势	19399	2
吸烟 危害	17671	4
清华大学 购买死飞自行车	19691	2
港版iphone6 运营商	6182	4
北京周边度假旅行 7天	12476	2
死飞自行车购买渠道	14073	3
死飞 清华大学哪里有卖	11996	2
清华 游泳卡	7776	2
破冰游戏 十个人	8977	4
北京5月 周边旅游 报价	6780	1
辽宁号  历史	17478	1
戒烟 坏处	5657	2
iphone6	350	3
在香港购买iphone6价格	10109	3
北京周边 度假旅行 7日	15169	3
航母能发挥的战略作用	24427	4
戒烟本身的副作用	12286	2
港版iphone6能否支持国内的移动通信	19911	4
死飞自行车 海淀	5593	2
购买死飞自行车	9299	3
死飞价格区间	25808	2
香港购买iphone 关税	14420	3
港版iphone6 入关关税	6224	2
清华大学游泳馆 地图	15270	2
破冰游戏 企业培训	17173	4
留美 手提行李 液体	9685	2
死飞自行车 清华周边	19205	2
北京5月 周边旅游 报价	6779	1
国际航班 手提 不能托运	7314	1
北京周边一周度假旅行	2263	2
iphone6 香港 国内网络支持	23193	2
死飞公园 买死飞注意事项	25703	2
谷歌眼镜 如何使用	25375	2
iphone6国行 价格	16743	4
死飞自行车 清华附近 注意事项	22742	1
戒烟的副作用	4387	2
辽宁号航母基本信息	24400	4
大约十人的破冰游戏	21832	3
北京周边旅游	11473	3
北京周边五日以上度假旅行	2300	2
手提行李限制 液体	8504	3
清华大学到十渡	26145	1
辽宁号战略作用	13050	3
清华大学游泳馆位置	9359	2
十人破冰游戏	13685	3
香港购买iphone6 关税	1144	2
戒烟 坏处	5655	4
清华大学 死飞自行车	10738	2
美国 不能托运的	25541	4
港版国行iphone6 价格	6268	3
国际航班 手提液体	23463	4
清华 死飞专卖	11643	3
死飞自行车 清华大学 攻略	10959	2
航母战略作用	24833	3
北京周边旅游地点	19421	3
死飞自行车 清华附近 价格区间	22785	1
国际航班 托运行李	10582	3
清华大学到十渡	26142	1
辽宁号优劣	24793	3
北京5月 周边旅游推荐	6750	2
戒烟的好处	22474	4
国际航班中乘客可以携带多少液体	23820	3
菜户营桥西公交站 地图	8062	3
大陆iphone6	3258	3
北京周边游 	26226	3
清华大学游泳馆 学生	3497	4
天龙潭村	24911	2
死飞自行车 清华附近 注意事项	22744	1
北京旅行5月	2757	2
谷歌眼镜 价格	11016	3
iphone6 港版价格	12077	2
天龙潭村	24910	3
5月在北京度假旅行	11205	2
北京旅游住宿花费 昌平	9108	2
清华大学陈明游泳馆学生卡	2043	3
国际航班托运行李 	14573	4
国内 iphone6  价格  	18205	3
清华大学游泳馆学生价	13514	2
北京周边 度假旅行 7日	15167	2
托运行李 电脑	17035	3
香港购买iphone6 关税	1142	2
内地iphone6	24606	2
清华附近死飞	21208	2
辽宁号战略意义	20000	4
留美 行李限制	9625	2
google眼镜 维基百科	22944	3
清华西门死飞	21277	3
google眼镜 使用方式	22977	2
航空母舰的战略意义	26300	3
死飞自行车购买 清华	19789	2
5月在北京度假旅行	11202	1
港版 iphone6关税 	20396	2
清华大学游泳馆 游泳卡价格	19941	3
港版iphone6	1114	2
避暑山庄旅游 7天	19599	4
死飞  注意事项	22849	3
辽宁号基本信息	1196	1
死飞自行车清华附近	24981	1
破冰游戏 十人	23620	3
清华大学游泳馆 tsinghua	23126	3
清华大学附近 死飞 购买	21000	3
飞机 托运行李限制	23371	3
辽宁号 百科	22577	3
死飞 清华大学	8010	3
戒烟方法	9754	4
国际航班 禁止托运	7224	2
避暑山庄旅游 7天	19600	2
辽宁号  基本信息	17437	3
清华附近卖死飞	21227	2
5月 北京周边旅游 	20811	2
国际航班对行李中液体限制	19818	3
辽宁号航母 优劣	14946	3
辽宁号与其他航母相比 优势和劣势	20885	2
龙庆峡住宿	24511	4
港版iphone6  国内网络支持	23213	3
航母的战略意义	22195	3
清华 死飞 注意事项	6588	2
网上买死飞 注意事项	6675	2
辽宁号 其他国家航母 比较	9581	2
菜户营桥西公交站	8035	3
去十渡怎么去	26079	4
北京度假旅行 5月	24451	1
死飞自行车销售地址	9225	3
 买死飞注意事项	25724	2
在香港买iphone 6	25457	3
死飞自行车 价格区间	23901	3
辽宁号的优劣	9415	2
故宫周边交通	13927	1
清华大学附近购买死飞自行车	10762	1
国际航班手提行李限制	14508	4
清华大学陈明游泳馆 价格	10399	2
死飞大概的价格	21346	2
清华大学附近的自行车专卖店	9267	3
去美国 不能托运	25582	3
辽宁号航母 相比别国 优劣	14958	3
清华大学游泳馆 游泳卡	18631	2
死飞自行车 清华附近	2481	2
清华大学游泳馆 游泳卡办理	19972	2
清华大学游泳馆具体位置	24857	2
北京周边 度假旅行	15091	2
中国运营商支持港版iphone6	2450	3
辽宁号的优点	9447	3
死飞自行车注意事项	22373	3
香港购买iphone6 关税多少	14467	2
到美国的国际航班行李	21534	4
死飞自行车  购买注意事项	17942	2
5月北京周边	20685	4
怀柔	22395	2
国内 iphone6  价格  	18203	1
清华 游泳 票价	7748	1
国际航班 行李物品液体要求	7156	3
谷歌眼镜 如何使用	25376	1
国行iphone6  价格	8410	4
大兴野生动物园	26280	2
清华大学 陈明游泳馆 价格	8185	2
iphone6 香港售价	23158	4
清华 附近  死飞	10035	3
清华大学露天游泳馆	25248	2
清华大学游泳馆 地点	21144	2
死飞自行车 购买 注意事项	15458	1
国际航班手提行李能带多少液体	21563	2
北京旅行5月香山	2785	2
北京周边  7天旅游	12514	2
清华大学附近哪里卖死飞	25605	2
国内iphone6售价	9318	2
 新人培训 破冰游戏 10人	20516	2
辽宁号 优势和劣势	22177	1
google眼镜 百度百科	22963	2
5月北京周边旅游 价格	23340	2
破冰游戏 自我介绍	11144	1
手提行李限制 国际	16980	4
北京周边的度假胜地	9026	3
北京周边 度假旅行 	7849	2
北戴河旅游	19540	4
死飞自行车使用方法	14131	2
清华大学游泳馆 时间	16781	2
去美国 不能托运	25585	3
清华西门卖死飞	21253	2
谷歌眼镜使用方式	9136	2
死飞自行车 清华大学附近 购买	15370	2
谷歌眼镜售价	9153	3
新员工培训时的破冰游戏	9001	3
买死飞 注意事项	6628	1
破冰游戏 新员工培训 十人	16148	2
北京周边5月 度假 攻略	6909	1
破冰游戏十人	2362	4
哪些物品只能托运	8817	2
手提行李限制 国际	16979	2
死飞自行车 清华大学附近 购买渠道	15319	2
清华大学游泳馆 位置	22292	2
清华大学游泳馆 场次	16829	2
谷歌眼镜 功能能	14826	2
清华大学露天泳池 学生价格	25278	2
关于合作的10人左右破冰游戏	24069	2
留美 国际航班 手提行李限制	9594	2
辽宁号  	17506	2
故宫周边交通线	13963	1
香港 iphone6  价格  	18224	3
港版iphone	21475	3
国际航班行李限制	13593	4
航空母舰 战略作用	11683	2
港版iphone6 入关关税	6221	2
iphone6 香港售价 关税	23180	2
港版iphone6缴纳关税	24250	2
死飞自行车 	23850	4
戒烟的益处	13534	1
辽宁号优劣势	1213	2
谷歌眼镜 使用港式	12382	2
死飞 清华大学附近	7976	1
辽宁号优势	2462	2
故宫周边交通线	13964	1
清华 附近  死飞实体店	10058	2
清华大学游泳馆开放时间段	25299	2
清华大学附近 购买自行车	10840	2
港版国行iphone6 价格	6266	4
怀柔度假村 3日游 花费	6962	1
北京五月份一周度假旅行	2237	1
十人破冰游戏	13689	3
北京周边 度假旅行 一周	15128	2
北京五月一周度假旅行	2206	1
航母的战略作用	4702	3
北京度假旅行  怀柔度假村	18492	2
国际航班行李限制统一规定	13607	4
iphone6 香港售价 关税	23179	2
国际航班 手提行李 液体	12819	3
破冰游戏  员工培训 10人	25090	3
谷歌眼镜使用方法	20318	2
手提行李液体 	2689	3
员工破冰游戏	10257	2
青龙峡 红螺寺	26258	3
清华大学陈明游泳馆	1924	3
北京旅行5月香山	2781	2
清华大学陈明游泳馆 价格	10401	2
港版iphone6 大陆运营商	22027	2
国际航班手提行李可携带液体	13654	3
死飞自行车  清华大学  注意事项	17773	1
北京周边旅游7天	19441	1
购买死飞自行车	9295	3
辽宁号 基本信息	3320	2
死飞 注意事项	3212	4
美国 不能带上飞机的行李	25512	3
iphone6国内售价	19854	4
航母能发挥的战略作用	24431	3
死飞价格区间	25812	1
破冰游戏  十人	7451	4
清华大学游泳馆  开放时间	18025	3
航母 战略意义	14925	3
内地iphone6售价	24632	2
国际航班中哪些行李必须手提	23761	3
航母作用	3426	4
iphone6大陆售价	22334	3
手提行李限制 国际航班 液体	19266	2
港版iphone6 购买	16199	2
死飞公园 清华附近	8110	2
10人 破冰游戏	11559	3
航母战略作用	24831	3
死飞自行车购买渠道 北京	16292	2
国际航班 行李物品要求	7135	3
死飞报价	25762	3
破冰游戏 十人	23621	4
死飞自行车清华大学	10939	1
国际航班手提行李 液体	14536	3
死飞自行车 清华大学	5572	2
北京周边旅游景点 7日游	12573	2
新手十人破冰游戏	13709	3
国际航班 液体托运	7193	3
辽宁号相对于其他国家的优点	9432	2
航母 战略意义	14922	3
辽宁号优劣势	1216	4
北京旅游花费	9048	2
托运行李 	17634	4
国际航班 行李要求	7083	4
如何在香港购买iphone6	13254	4
国际航班 托运行李	10580	4
北京周边 度假旅行 7日	15168	2
死飞公园 价格	25830	2
清华 附近  死飞	10036	2
清华大学附近哪里卖自行车	12053	3
北京5月 周边旅游 攻略	6814	1
携港版iphone6回内地需要交关税吗	24045	1
死飞价格区间	25811	2
清华 死飞 推荐	6536	2
北京5月 度假 攻略	6847	1
港版iphone6  价格	8381	3
手提行李限制 液体	8501	3
港版iphone6 运营商	6183	3
北京周边度假旅行 7天	12475	2
死飞自行车购买渠道	14074	3
死飞 清华大学哪里有卖	11999	1
北京5月 周边旅游 报价	6781	2
辽宁号  历史	17479	2
如何购买港版iphone6	9341	2
北京周边 旅游	7931	3
辽宁号  战略目标	17460	3
谷歌眼镜 使用港式	12386	3
港版iphone6能否支持国内的移动通信	19910	4
购买死飞自行车	9298	3
北京度假旅行  旅行团	18442	2
国际航班 手提 托运 体积 重量 限制	20586	3
死飞自行车 海淀	5594	2
iphone6港版售价	22356	4
死飞自行车 清华周边	19204	2
谷歌眼镜使用方法	20319	4
北京5月 周边旅游推荐	6749	3
北京周边游	2335	3
iphone6 香港 国内网络支持	23192	3
港币汇率	14348	1
国际航班 液体托运	7191	3
清华大学 游泳馆	8131	2
天龙潭村旅游报价	24945	2
辽宁号和别国航母相比 优势和劣势	22164	2
清华大学 陈明游泳馆	8159	3
死飞自行车 清华附近 购买渠道	22648	2
辽宁号航母的优势和劣势	24417	2
戒烟的副作用	4388	2
航母的战略作用	4705	3
北京周边旅游地点	19419	4
国际航班 托运行李限制	23400	3
清华大学到十渡	26144	2
戒烟 坏处	5654	2
破冰游戏作用	14253	4
手提行李 液体	8733	3
北京附近度假地	23965	2
美国 不能托运的	25540	3
国际航班手提行李不能带 	14635	3
清华 死飞专卖	11644	2
死飞自行车 清华大学 攻略	10956	2
航母战略作用	24834	3
清华附近 死飞 购买	21065	2
清华大学陈明游泳馆 价格	10403	3
北京旅游住宿花费 昌平	9106	2
国际航班 行李限制	12797	4
辽宁号优劣	24792	2
清华大学游泳馆 学生票价格	18608	2
戒烟的好处	22473	3
陈明游泳馆 时间	16807	2
北京周边游 	26227	2
北京度假旅行景点推荐	13863	1
清华大学游泳馆 价格	18687	1
清华大学游泳馆 学生票	15304	2
香港 超过多少钱需要交关税	25429	2
谷歌眼镜功能 使用方式	24223	2
北京旅行5月	2756	2
iphone6 港版价格	12076	2
5月在北京度假旅行	11204	1
清华 陈明游泳馆 票价	7577	2
北京旅游住宿花费 昌平	9109	1
清华附近自行车店	10005	1
破冰游戏  员工培训	25061	3
国际航班托运行李 	14574	3
清华大学游泳馆学生价	13513	2
清华附近死飞	21207	2
辽宁号战略意义	20003	2
淘宝	11617	2
辽宁号 不足	3395	4
北京周边度假旅行 一周	12436	2
港版iphone6  国内网络支持	23216	4
戒烟 副作用	8318	2
红螺寺 攻略	26176	3
清华西门死飞	21276	3
香港购买iphone 关税	14418	4
国际航班 必须托运行李	23425	3
辽宁号航母 基本信息	5900	2
航空母舰的战略意义	26299	3
死飞自行车购买 清华	19788	2
死飞 清华大学	8012	2
戒烟方法	9756	2
北京周边 旅游	7934	2
旅行路线	10373	2
旅行	10347	2
死飞自行车购买渠道	14070	2
清华大学游泳馆 tsinghua	23127	3
破冰游戏 新员工培训 10人	12732	2
5月北京周边 7天	20736	1
飞机 托运行李限制	23370	2
死飞 清华大学	8011	1
怀柔度假村 3日游 价格	6931	2
辽宁号 与其他航母的优劣比较	23646	4
清华附近买自行车	2521	3
香港 iphone6   关税	18251	2
死飞自行车 购买 注意事项	15454	2
密云水库住宿	24549	4
5月 北京周边旅游 	20812	3
国际航班对行李中液体限制	19819	4
5月北京周边游	25992	2
辽宁号与其他航母相比 优势和劣势	20884	2
龙庆峡住宿	24510	4
港版iphone6  国内网络支持	23214	4
网上买死飞 注意事项	6674	2
清华大学游泳馆 所在地	12401	3
菜户营桥西公交站	8034	3
谷歌眼镜 维基百科	22925	1
国际航班中手提行李中可以有多少液体	8700	2
北京度假旅行 5月	24450	1
 买死飞注意事项	25725	2
在香港买iphone 6	25456	4
美国 托运行李规定	25477	4
北京周边旅游景点	12546	3
那些行李必须手提	24692	1
清华大学 十渡	26103	2
死飞自行车 报价	16362	2
清华大学附近购买死飞自行车	10763	1
国际航班手提行李限制	14509	4
国内iphone6售价	9320	4
去美国 不能托运	25583	3
辽宁号航母 相比别国 优劣	14959	3
北京周边度假旅行	519	2
清华大学游泳馆 游泳卡	18628	3
清华大学游泳馆 游泳卡办理	19973	2
手提行李   液体容量	17606	3
谷歌眼镜 使用方法	4967	4
清华大学游泳馆  开放时间	18028	3
中国运营商支持港版iphone6	2449	3
清华 附近  死飞	10037	1
港版国行iphone6 价格对比	6243	3
北京周边游 攻略	26200	3
国际航班中哪些行李必须托运	23726	3
清华陈明游泳馆 价格	7521	2
北京 死飞	11584	3
死飞自行车  购买注意事项	17943	1
破冰游戏 员工培训 10人左右	14200	3
国内iphone6售价	9319	3
 新人培训 破冰游戏 10人	20514	3
辽宁号与美国航母对比	26322	3
国际航班 行李物品液体要求	7157	4
5月北京周边旅游 价格	23338	1
港版iphone6 内地运营商	10721	3
清华大学 陈明游泳馆 价格	8184	3
iphone6 香港售价	23159	3
清华大学游泳馆 价格	18683	3
死飞自行车使用方法	14133	3
清华大学游泳馆 地点	21145	2
去美国 不能托运	25584	2
死飞自行车 清华大学附近 购买	15372	2
北京周边五月一周度假旅行	10281	2
北京旅行5月香山	2784	1
死飞自行车购买注意事项	2504	2
清华大学附近哪里卖死飞	25604	2
买死飞 注意事项	6626	2
 新人培训 破冰游戏 10人	20517	3
清华大学 哪里卖死飞	25629	1
破冰游戏十人	2364	3
google眼镜 百度百科	22962	3
北京周边7日游 报价	12610	2
北京周边度假旅行	520	3
国际航班手提行李 液体	14537	3
北京周边的度假胜地	9027	4
北京周边 度假旅行 	7850	2
北戴河旅游	19541	4
死飞自行车使用方法	14130	2
清华大学游泳馆 时间	16780	3
国内iphone6价格	13227	3
死飞自行车 清华大学附近 购买	15371	2
北京度假旅行  一周旅行团	18376	2
港版 大陆iphone6	20363	2
辽宁号 优	3368	3
买死飞 注意事项	6629	2
5月北京周边旅游目的地	20759	3
破冰游戏 新员工培训 十人	16149	3
北京周边5月 度假 攻略	6910	1
哪些物品只能托运	8818	2
北京及周边休闲7日游线路	12680	3
死飞自行车 清华大学附近 购买渠道	15318	2
清华陈明游泳馆 开放时间	7498	3
谷歌眼镜 功能能	14827	2
清华大学露天泳池 学生价格	25277	2
留美 行李限制	9624	1
关于合作的10人左右破冰游戏	24070	4
死飞 清华附近	8089	3
破冰游戏 新员工培训	14182	2
北京周边旅游地点 7日游	19468	2
香港 超过多少钱需要交关税	25427	1
死飞自行车 购买注意事项	23881	2
香港 iphone6  价格  	18225	4
辽宁号  战略目标	17459	3
清华大学附近 购买自行车	10838	2
怀柔度假村 3日游 花费	6964	2
国际航班行李限制	13592	2
清华大学游泳馆开放时间	7474	2
航空母舰 战略作用	11682	3
清华大学游泳馆具体位置	24859	3
航母的战略作用	4703	3
iphone6 香港售价 关税	23181	2
辽宁号 战略价值	10638	3
清华 游泳卡	7773	2
哪些物品 手提行李	16212	3
辽宁号 战略作用	8344	3
北京度假旅行 周边游	17232	2
香港 超过多少钱需要交关税	25428	1
清华 附近  死飞实体店	10061	1
清华大学游泳馆开放时间段	25296	2
购买港版iphone6	19880	2
死飞自行车 清华附近 购买地点	22762	2
清华大学附近 购买自行车	10841	2
辽宁号 优劣势	12780	2
清华大学	23927	3
怀柔度假村 3日游 花费	6963	2
 清华大学  购买死飞	17827	1
北京五月份一周度假旅行	2236	1
清华大学游泳馆具体位置	24860	2
北京五月一周度假旅行	2205	1
国际航班中有关行李的规定	23697	3
死飞价格区间	25810	2
清华大学 自行车市场	10888	3
破冰游戏  员工培训 10人	25089	3
死飞 注意事项	3210	4
北京旅游花费	9047	2
手提行李液体 	2688	3
员工破冰游戏	10258	3
清华大学陈明游泳馆	1925	4
死飞公园 价格	25833	2
清华大学陈明游泳馆 价格	10402	3
清华大学陈明游泳馆学生卡	2041	2
国际航班手提行李可携带液体	13653	4
死飞自行车  清华大学  注意事项	17772	1
航母历史	14897	4
北京周边旅游7天	19440	3
清华大学游泳馆信息	21874	2
北京旅游 7天	19518	2
清华大学 自行车市场	10887	3
港版iphone6 国行 价格	16730	3
死飞自行车购买渠道 北京	16290	3
国际航班手提行李可携带液体数	13636	4
航母能发挥的战略作用	24430	3
谷歌眼镜 百科	22903	2
内地iphone6价格	21440	2
北京出发五月一周度假旅行	10317	2
辽宁号  历史	17482	3
辽宁号与其他国家航母的对比	22458	4
辽宁号相对于其他国家的优点	9433	2
航母 战略意义	14924	3
破冰游戏作用	14256	3
港版iphone6支持内地运营商网络吗	21491	4
清华大学 买自行车	12025	3
内地iphone6售价	24633	3
破冰游戏 员工培训 10人左右	14199	2
 清华大学  死飞专卖店	17881	2
辽宁号 排水量	16462	2
iphone6大陆售价	22335	4
北京度假旅行景点	13830	1
手提行李限制 国际航班	2631	2
手提行李限制 国际航班 液体	19265	3
港版iphone6 购买	16198	3
留美 行李中什么必须托运	9730	2
10人 破冰游戏	11556	3
手提行李液体 国际航班	2659	2
港版iphone6 在哪买	6169	3
死飞自行车 北京 购买渠道	22693	2
国际航班 行李物品要求	7134	4
死飞自行车清华大学	10936	2
北京周围 度假旅行 7日	15201	2
清华大学游泳馆学生票	3480	1
死飞自行车 清华大学	5575	2
北京周边旅游景点 7日游	12572	3
国际航班 液体托运	7192	4
港版iphone6支持内地运营商网络吗	21492	4
北京旅游 7天	19519	3
清华大学游泳馆学生票价	23108	2
死飞公园 价格	25831	2
清华大学陈明游泳馆学生卡	2039	2
清华大学附近哪里卖自行车	12052	3
北京5月 周边旅游 攻略	6815	2
购买港版iphone6是否缴纳关税	24668	2
死飞自行车购买	19763	2
携港版iphone6回内地需要交关税吗	24044	3
清华 死飞 推荐	6537	3
死飞公园 清华 价格	17300	2
北京5月 度假 攻略	6846	4
国际航班 手提 托运 体积 重量 限制	20587	4
清华大学游泳馆 地图	15267	2
手提行李限制 液体	8500	4
北京周边度假旅行 7天	12474	2
辽宁号战略作用	13048	4
港版iphone6价格	10681	3
破冰游戏 互相介绍  公司	17145	1
北京周边 旅游	7932	2
谷歌眼镜 使用港式	12385	2
戒烟本身的副作用	12284	2
死飞自行车  清华大学	17725	2
死飞自行车购买	19764	3
港版iphone6 大陆iphone6	8367	2
北京度假旅行  旅行团	18441	3
北京周边五日以上度假旅行	2299	2
辽宁号 与其他航母的优劣比较	23648	3
iphone6港版售价	22357	3
破冰游戏 企业培训	17175	2
北京旅游 7天	19520	1
死飞自行车 清华周边	19203	2
清华大学游泳馆信息	21876	3
国际航班 手提 不能托运	7316	2
北京周边游	2334	2
国际航班 液体托运	7190	3
5月北京周边	20686	3
google眼镜 维基百科	22943	1
天龙潭村旅游报价	24944	2
辽宁号和别国航母相比 优势和劣势	22167	2
iphone6国行 价格	16741	4
死飞自行车 清华附近 注意事项	22740	1
戒烟的副作用	4389	2
死飞公园 买死飞注意事项	25700	2
清华附近 死飞 注意事项	21094	1
辽宁号战略作用	13047	3
港版iphone6 z	10700	3
清华大学露天游泳馆	25247	2
港版iphone6  价格	8378	2
清华大学 自行车	10810	2
破冰游戏 10人	8214	3
香港购买iphone6 关税	1146	2
清华 游泳 票价	7749	2
大陆iphone6	3255	3
破冰游戏作用	14252	3
手提行李 液体	8732	3
港版iphone6  国内运营商网络支持	23232	4
美国 不能托运的	25539	3
清华附近 死飞 购买	21062	2
国际航班 手提液体	23461	3
清华 死飞专卖	11645	2
死飞自行车 清华大学 攻略	10957	1
辽宁号 比较	9546	4
航母战略作用	24835	1
辽宁号基本信息百科	13760	2
辽宁号 优势劣势	19402	2
北京旅游住宿花费 昌平	9107	3
买死飞要注意什么	22138	2
清华大学游泳馆 学生票价格	18609	2
百度旅游	21963	2
戒烟的好处	22472	3
菜户营桥西公交站 地图	8060	4
陈明游泳馆 时间	16806	3
谷歌眼镜 售价	1530	2
清华大学游泳馆 学生	3499	2
北京旅行5月	2759	2
iphone6 港版价格	12075	3
清华 陈明游泳馆 价格	7545	2
港版iphone6 运营商	6186	3
清华大学游泳馆学生价	13512	1
托运行李 电脑	17037	1
北京周边 旅游	7933	1
旅行路线	10371	3
清华附近死飞	21206	2
辽宁号战略意义	20002	2
淘宝	11616	4
google眼镜 维基百科	22946	1
天龙潭村	24912	3
清华西门死飞	21275	2
google眼镜 使用方式	22979	2
港版iphone6 z	10699	3
死飞 清华大学	8013	1
怀柔度假村 3日游 价格	6933	1
港版 iphone6关税 	20394	3
5月香山	2818	2
龙庆峡住宿	24513	4
美国 托运行李规定	25480	4
国际航班 禁止托运	7221	3
避暑山庄旅游 7天	19597	2
死飞  注意事项	22851	4
死飞自行车 报价	16359	4
旅行路线	10372	1
旅行	10346	2
清华大学附近 死飞自行车	9942	1
国际航班手提行李限制	14512	3
破冰游戏 十人	23622	3
5月北京周边游	25990	2
辽宁号 尺寸	16484	2
飞机 托运行李限制	23369	4
国际航班 美国 行李限制	24275	3
iphone6 大陆 港版  价格	3297	3
北京周边7日游 报价	12606	2
怀柔度假村 3日游 价格	6930	3
清华附近买自行车	2522	3
辽宁号的基本信息	21367	1
死飞自行车销售地址	9228	3
美国 手提行李限制	8449	2
香港 iphone6   关税	18250	2
死飞自行车 购买 注意事项	15455	2
清华大学 十渡	26105	2
5月 北京周边旅游 	20813	3
北京周边旅游 多日游	18768	2
辽宁号与其他航母相比 优势和劣势	20883	2
港版iphone6  国内网络支持	23215	4
清华西门 死飞公园	25681	2
谷歌眼镜功能 使用方式	24225	3
港版iphone6支持国内网络运营商	13297	1
手提行李中不能携带的物品	8784	2
菜户营桥西公交站	8033	4
死飞	22116	4
清华大学陈明游泳馆价格	1951	2
谷歌眼镜 维基百科	22924	1
破冰游戏 	25032	2
清华大学 死飞	7956	1
那些行李必须手提	24691	2
清华大学 十渡	26102	2
国际航班中手提行李中可以有多少液体	8698	3
清华大学附近购买死飞自行车	10764	2
清华大学附近 死飞自行车	9944	2
死飞大概的价格	21344	3
清华大学附近的自行车专卖店	9265	4
香港购买iphone6带回要交关税？	13269	2
国内 iphone6  价格  	18206	3
死飞自行车 北京	24090	3
国际航班 行李物品液体要求	7155	3
5月北京周边 7天	20735	1
清华大学游泳馆 游泳卡	18629	2
辽宁号的基本信息	21364	2
北京周边 度假旅行	15093	2
清华大学游泳馆  开放时间	18029	3
中国运营商支持港版iphone6	2448	4
死飞自行车注意事项	22375	3
死飞 海淀	3151	3
港版国行iphone6 价格对比	6242	2
国际航班中哪些行李必须托运	23727	3
清华陈明游泳馆 价格	7520	2
死飞 清华大学 购买	11952	2
辽宁号 优势和劣势	22174	1
国际航班手提行李能带多少液体	21564	2
怀柔旅游	22425	4
怀柔	22393	2
清华 游泳 票价	7750	1
5月北京周边旅游 价格	23339	1
港版iphone6 内地运营商	10720	2
国行iphone6  价格	8408	2
国际航班行李	21510	4
iphone6 香港售价	23160	4
辽宁号的优点	9448	1
北京周边 度假旅行 	7852	1
死飞自行车使用方法	14132	2
清华大学游泳馆 地点	21146	3
谷歌眼镜功能	10976	3
十渡住宿	24477	3
死飞自行车 购买 注意事项	15456	2
死飞自行车 清华大学附近 购买	15373	2
死飞自行车购买注意事项	2505	1
北京周边  7天旅游	12512	1
清华大学 哪里卖死飞	25628	2
哪些物品只能托运	8820	2
破冰游戏 自我介绍	11146	3
国际航班手提行李 液体	14538	3
大兴野生动物园	26279	3
死飞 清华	3119	1
航母能发挥的战略作用	24428	3
北京周边 度假旅行 	7851	2
北戴河旅游	19538	3
国内iphone6价格	13226	3
谷歌眼镜使用方式	9138	2
苹果官网	25394	2
北京周边旅游地点 7日游	19466	2
港版 大陆iphone6	20362	2
托运行李限制 国际航班	19335	4
辽宁号 其他国家航母 比较	9582	3
清华大学游泳馆学生票价	23110	2
北京周边5月 度假 攻略	6911	3
哪些物品只能托运	8819	3
美国 托运行李限制	8473	4
港版iphone6和内地差价	24017	2
谷歌眼镜 功能能	14828	3
清华大学露天泳池 学生价格	25276	2
北京度假旅行景点推荐	13862	3
死飞 清华附近	8086	2
北京周边旅游地点 7日游	19469	1
谷歌眼镜 使用说明	11666	4
死飞自行车 清华	3095	2
死飞自行车 清华附近 购买地点	22764	2
清华大学附近 购买自行车	10839	2
航空母舰 战略作用	11681	4
死飞自行车 清华附近 购买	22625	2
清华大学游泳馆具体位置	24858	3
清华大学	23926	4
清华大学游泳馆 游泳卡办理	19970	4
死飞 注意事项	3211	3
清华 游泳卡	7772	2
清华大学游泳馆 开放时间	5267	3
北京度假旅行 周边游	17233	3
5月香山	2815	1
内地iphone6	24608	3
故宫周边旅店	13893	1
清华 附近  死飞实体店	10060	1
清华大学附近死飞自行车购买	19672	1
清华大学游泳馆开放时间段	25297	2
港版iphone6 大陆运营商	22028	3
辽宁号 战略作用	8345	2
清华大学游泳馆 所在地	12405	2
死飞自行车 清华附近 购买地点	22763	1
辽宁号 优劣势	12781	2
清华大学	23924	3
清华大学 自行车市场	10889	3
美国 托运行李限制	8471	3
美国 不能带上飞机的行李	25509	3
北京五月一周度假旅行	2204	1
留美 行李中什么必须托运	9731	2
清华大学死飞自行车	631	2
国际航班 手提行李 液体	12817	3
新手十人破冰游戏	13713	2
辽宁号相对于其他国家的优点	9434	2
谷歌眼镜使用方法	20316	2
青龙峡 红螺寺	26256	3
北京旅行5月香山	2783	2
清华大学附近 死飞 购买	21003	1
死飞公园 价格	25834	2
故宫周边旅店	13890	4
清华大学陈明游泳馆学生卡	2040	2
港版iphone6 购买	16200	3
死飞公园 清华附近	8107	2
国际航班手提行李可携带液体	13652	3
死飞自行车  清华大学  注意事项	17771	1
航母历史	14896	3
哪些物品必须托运	16239	2
北京5月 周边旅游推荐	6746	2
死飞自行车购买渠道 北京	16291	1
国际航班手提行李可携带液体数	13637	2
港版iphone6能否支持国内的通信	19927	4
有效戒烟	16682	3
清华 死飞 注意事项	6589	3
谷歌眼镜 百科	22902	2
清华大学游泳馆学生票	3478	2
内地iphone6价格	21441	3
北京出发五月一周度假旅行	10318	2
死飞 五道口	7989	2
港版iphone6支持内地运营商网络吗	21490	3
港版iphone6 需不需要关税	19896	2
内地iphone6售价	24634	3
北京旅游住宿花费	9078	3
 清华大学  死飞专卖店	17880	3
清华大学游泳馆学生票价	23107	3
清华附近购买死飞自行车  价格区间	22812	2
清华买死飞	6460	1
北京及周边休闲7日游 价格	12711	2
港版 大陆iphone6 价格	20382	2
手提行李限制 国际航班 液体	19264	3
北京旅行	2724	3
10人 破冰游戏	11557	3
手提行李液体 国际航班	2660	2
清华大学 购买死飞自行车	19695	1
iphone6港版售价	22360	2
死飞自行车 北京 购买渠道	22692	3
国际航班 行李物品要求	7133	4
死飞自行车清华大学	10937	2
北京周围 度假旅行 7日	15200	2
死飞自行车 清华大学	5574	2
北京周边旅游景点 7日游	12575	1
死飞 购买注意	11982	2
托运行李 	17636	3
iphone6	346	3
必须手提的行李	24300	4
死飞自行车购买清华大学附近	19740	2
购买港版iphone6是否缴纳关税	24671	2
死飞自行车购买	19762	3
港版iphone6过关	22006	2
死飞公园 清华 价格	17301	3
北京度假旅行  旅行团	18439	2
北京周边度假旅行 7天	12473	2
辽宁号 与其他国家航母比较	9563	2
破冰游戏 十个人	8980	3
破冰游戏 互相介绍  公司	17142	3
清华 陈明游泳馆 票价	7576	2
5月北京周边旅游	11410	3
香港购买iphone6	1127	3
托运行李 电脑 美国	17078	2
谷歌眼镜 使用港式	12384	2
辽宁号航母的优势和劣势	24420	3
死飞自行车购买清华大学附近	19739	2
北京5月 度假 攻略	6849	1
港版iphone6能否支持国内的移动通信	19912	3
清华附近 死飞 购买	21063	2
港版iphone6 大陆iphone6	8366	3
死飞自行车  价格区间	22825	4
北京度假旅行  旅行团	18440	2
国际航班 托运行李限制	23398	4
iphone6港版售价	22358	2
破冰游戏 企业培训	17174	2
清华大学游泳馆位置	9355	3
港版iphone6需要关税吗	22319	2
北京周边游	2333	2
iphone6 香港 国内网络支持	23194	3
港币汇率	14346	4
戒烟副作用	2606	2
清华大学游泳馆地址	10228	1
清华大学 死飞自行车	10742	1
google眼镜 维基百科	22942	4
清华大学游泳馆 价格	18685	3
辽宁号和别国航母相比 优势和劣势	22166	2
死飞公园 买死飞注意事项	25701	2
辽宁号 维基	12755	3
破冰游戏  员工培训	25065	2
百度旅游	21965	4
清华大学 自行车	10811	3
清华大学游泳馆位置	9356	2
国际航班中乘客可以携带多少液体	23824	2
清华大学附近购买死飞自行车的渠道	9177	2
google眼镜 价格	23003	1
清华大学游泳馆地址	10227	1
手提行李 液体	8735	3
港版iphone6  国内运营商网络支持	23233	4
美国 不能托运的	25538	2
国际航班手提行李不能带 	14633	2
清华大学游泳馆 学生票	15301	3
清华大学 死飞自行车市场	10918	2
北京周边旅游	11471	3
死飞自行车 北京  清华大学 购买渠道	22719	2
死飞公园 清华附近	8114	2
5月北京周边旅游	11420	2
北京度假旅行  一周旅行团	18391	2
买死飞要注意什么	22141	4
谷歌眼镜	1494	1
留美 行李限制	9633	3
托运行李 国际航班 电脑	17118	3
辽宁号 其他国家航母 比较	9578	4
港版iphone6 在哪买	6167	4
百度旅游	21962	3
航母历史	14898	4
故宫周边交通	13926	2
港版iphone6 运营商	6185	4
北京度假旅行	2175	3
辽宁号  战略目标	17457	2
内地iphone6售价	24631	3
港版iphone6缴纳关税	24256	3
怀柔度假村 3日游 花费	6970	3
死飞自行车  清华西门	18009	3
死飞公园 清华 价格	17302	3
破冰游戏 自我介绍	11143	0
北京周边游 	26225	3
破冰游戏 员工培训	5525	4
北京周边旅游推荐	18827	3
死飞自行车  清华大学	17735	2
谷歌眼镜 售价	1529	4
死飞自行车 清华附近	2480	2
5月北京周边旅游	11413	4
北京旅游 7天	19516	4
iphone6	348	4
留美 行李限制	9637	1
谷歌眼镜	1490	2
清华大学游泳馆	1637	0
死飞自行车价格	9964	3
辽宁号优劣	24794	3
留美 国际航班 手提行李限制	9596	3
在香港购买iphone6价格	10111	3
死飞自行车注意事项	22372	3
清华大学游泳馆 开放时间	5270	0
iphone6 大陆 港版	3274	3
清华大学死飞自行车	628	3
清华大学游泳馆学生票价	23109	3
北京度假旅行 周边游	17234	2
辽宁号	443	3
清华 死飞 推荐	6533	3
谷歌眼镜 使用港式	12383	3
清华大学 哪里有卖 死飞	22065	3
到美国的国际航班行李	21535	2
港版iphone6	2438	2
清华大学游泳馆 游泳卡	18634	3
国际航班手提行李体积重量限制	4209	3
在香港如何购买iphone6	3581	3
港版iphone6 价格	16709	4
国际航班手提行李能带多少液体	21565	4
国际航班 行李要求	7087	3
辽宁号 与其他航母的优劣比较	23652	3
北京度假旅行	2168	1
清华大学游泳馆学生价	13519	3
谷歌眼镜的价格	4826	3
国际航班 行李限制	12801	4
清华大学附近哪里卖死飞	25603	3
手提行李限制	107	2
北京周边度假旅行 一周	12438	2
旅行路线	10370	4
谷歌眼镜 价格	11014	2
清华大学 死飞自行车	10739	4
清华大学游泳馆具体位置	24862	4
死飞自行车	74	3
辽宁号战略意义	20005	0
谷歌眼镜 如何使用	25377	4
港版iphone6能使用国内运营商网络吗	3663	4
只允许托运 物品	6143	3
国际航班手提行李能携带多少液体	4263	4
破冰游戏 新员工培训 10人	12729	4
戒烟副作用	2611	3
国际航班中有关行李的规定	23699	4
辽宁号基本信息百科	13758	4
死飞自行车	80	3
北京周边度假旅行 一周	12434	1
清华大学游泳馆 开放时间	5266	2
红螺寺 攻略	26178	3
破冰游戏  员工培训 10人	25091	4
清华大学游泳馆  开放时间	18027	3
google眼镜 使用方式	22978	4
谷歌眼镜	1487	3
购买死飞  注意事项	16034	2
清华大学游泳馆 开放时间	5279	3
港版iphone6 入关	6198	3
手提行李液体 	2690	3
北京周边地方度假旅游	4593	3
北京周边七日游	4682	2
员工破冰游戏	10256	4
死飞自行车购买 清华	19786	2
陈明游泳馆 办卡	15840	2
购买死飞自行车渠道 清华大学	3878	3
大约十人的破冰游戏	21830	4
北京周边旅游 价格	23311	4
十渡攻略	26047	4
菜户营桥西公交站 地图	8061	4
清华大学陈明游泳馆 价格	10400	2
破冰游戏 员工 十人	7431	4
国行iphone6价格	3575	3
港版iphone6	1111	3
戒烟	203	4
辽宁号 战略作用	8349	3
北京周边五日以上度假旅行	2302	2
5月北京附近旅游地	23987	2
北京周边  7天旅游	12513	3
避暑山庄旅游 7天	19596	3
破冰游戏  十人	7454	3
死飞自行车  购买注意事项	17956	2
港版iphone6价格	10679	1
辽宁号基本信息	1199	4
谷歌眼镜 使用说明	11662	3
辽宁号 优势和劣势	22176	2
国际航班手提行李限制	14510	3
辽宁号与美国航母对比	26326	3
5月北京周边旅游 价格	23341	3
北京周边游	2331	3
清华大学游泳馆	1629	3
清华大学游泳馆地址	10230	4
飞机 托运行李限制	23368	4
陈明游泳馆 时间	16805	3
港版iphone6 关税	5883	3
死飞自行车 注意事项	5622	3
清华大学陈明游泳馆学生卡	2058	2
死飞 清华	3120	2
手提行李限制 国际航班	2645	3
行李限制 中美航班	15714	1
液体、气雾剂及凝胶在国际航班上的规定	8764	3
iphone6价格	10088	4
谷歌眼镜 功能	4915	3
破冰游戏 员工培训	5517	3
国内iphone6售价	9321	2
谷歌眼镜价格	2585	4
辽宁号	437	3
北京旅游住宿花费	9075	3
购买死飞自行车的注意事项 	3949	4
谷歌眼镜使用方式	9137	4
iphone6香港关税	15663	2
北京周边旅游	11476	4
辽宁号 优势劣势	19398	2
十人 破冰游戏	15619	3
瓦良格号	15549	3
手提行李限制 液体	8509	3
清华大学游泳馆 地址	15234	3
清华附近自行车店	10011	3
新员工培训时的破冰游戏	9000	1
香港 iphone6  价格  	18222	4
苹果官网	25391	4
那些行李必须手提	24697	3
辽宁号相比较其他国家航母的优势和劣势	4762	3
航母战略作用	24832	4
港版iphone6 在哪买	6168	4
破冰游戏 新员工培训 10人	12736	2
5月 北京周边旅游 	20814	3
北京周边度假旅行	516	3
北京周边旅游 多日游	18769	0
故宫周边交通	13928	0
破冰游戏十人	2363	4
谷歌眼镜	1492	2
戒烟好处	1902	3
托运行李限制	2086	4
辽宁号 优劣	3353	3
港版iphone6能使用国内运营商网络吗	3662	3
港版iphone6和内地差价	24016	2
死飞自行车 清华大学	5573	3
iphone6 香港售价 关税	23177	3
死飞公园 清华	17266	4
死飞 购买注意	11979	2
航母 战略意义	14923	4
清华大学游泳馆 学生票	15307	2
清华大学陈明游泳馆学生价格	2003	1
死飞 清华	3121	2
辽宁号与其他国家航母对比	26341	4
清华大学游泳馆	1640	2
破冰游戏 员工培训 10人左右	14202	3
死飞自行车价格	9961	3
北京旅行5月	2755	3
谷歌眼镜 价格	11018	3
港版iphone6缴纳关税	24249	3
辽宁号  	17507	3
清华大学游泳馆 具体地址	25198	0
北京度假旅行	2181	0
清华买死飞	6456	0
北京及周边休闲7日游 价格	12707	4
清华大学附近哪里卖自行车	12050	3
5月在北京度假旅行	11209	2
北京5月 周边旅游 攻略	6813	3
北京度假旅行  一周旅行团	18385	2
携港版iphone6回内地需要交关税吗	24042	3
在香港买手机带回大陆需要关税吗	11718	3
死飞自行车 清华	3094	4
死飞自行车  购买注意事项	17946	2
北京度假旅行	2173	2
港版iphone6 国行 价格	16726	2
辽宁号的基本信息	21379	4
辽宁号与其他航母比较	11704	3
死飞大概的价格	21345	3
香港购买iphone6带回要交关税？	13268	3
如何购买港版iphone6	9344	4
谷歌眼镜功能 使用方式	24221	4
辽宁号 百科	22575	4
去美国 不能托运	25581	3
北京度假旅行  一周旅行团	18378	1
国际航班手提行李 液体	14535	3
北京周边度假旅行	517	3
国际航班手提行李能携带多少液体	4258	3
手提行李限制 国际航班	2634	3
如何购买港版iphone6	9342	4
谷歌眼镜 使用方式	8572	2
香港 iphone6   关税	18248	2
淘宝	11615	4
手提行李 中国美国	15681	3
清华大学游泳馆所在地	3716	2
新员工培训时的破冰游戏	8999	4
清华大学游泳馆	1635	2
北京周边 旅游	7930	3
国际航班 托运行李	10581	3
清华 附近  死飞	10039	3
辽宁号优劣势	1212	3
谷歌眼镜	1495	4
清华大学游泳馆 学生票价格	18605	3
辽宁号	441	0
港版iphone6 入关关税	6222	3
港版iphone6  国内运营商网络支持	23231	4
北京周边 旅行 五一	5405	3
辽宁号航速	15531	3
购买港版iphone6是否缴纳关税	24667	3
北京度假旅行  一周旅行团	18398	2
清华大学游泳馆 学生票价格	18610	3
在香港购买iphone6需要缴纳关税吗	3632	3
在香港如何购买iphone6	3586	2
港版iphone6	1116	3
北京度假旅行  旅行团	18443	2
留美 手提行李 液体	9688	3
破冰游戏 员工培训	5515	4
北京5月 周边旅游推荐	6751	3
死飞自行车购买注意事项	2511	0
谷歌眼镜 售价	1531	3
辽宁号 基本信息	3318	2
清华大学游泳馆 具体地址	25201	3
北京周边游	2342	0
购买死飞自行车渠道 清华大学	3870	2
国际航班中有关行李的规定	23695	3
北京度假旅行	2176	2
北京周边 度假旅行 一周	15129	3
清华大学游泳馆 学生	3498	3
怀柔旅游	22424	3
辽宁号航母 优势	15007	2
托运行李限制	2074	3
辽宁号 尺寸	16480	3
清华大学游泳馆 价钱	11753	0
死飞自行车	82	3
清华大学游泳馆时间	3453	2
港版iphone6 关税	5884	0
国际航班 手提行李 液体	12818	3
辽宁号 战略作用	8347	0
破冰游戏	1	4
辽宁号和别国航母相比 优势和劣势	22165	2
行李 液体	6047	3
谷歌眼镜	1485	3
清华大学游泳馆 场次	16835	1
死飞自行车 清华附近 购买渠道	22651	0
辽宁号航母 基本信息	5896	2
iphone6香港关税	15666	3
北京周边的度假胜地	9024	2
辽宁号与其他航母比较	11698	2
谷歌眼镜功能	10979	3
辽宁号航母 对比	6003	3
清华大学游泳馆	1656	1
故宫周边旅店	13891	4
辽宁号航母 历史	5921	4
手提行李限制 国际航班	2638	3
港版iphone6 大陆运营商	22026	4
国际航班中乘客可以携带多少液体	23821	3
十人 破冰游戏	15620	4
清华大学游泳馆 地址	15239	3
死飞自行车	76	3
辽宁号 优劣势	12779	3
死飞 清华大学 购买	11950	3
破冰游戏 企业培训	17178	3
留美 什么必须托运	9702	3
5月 北京周边旅游 	20809	3
清华大学游泳馆 具体地址	25195	3
死飞自行车  清华西门	18010	0
北京周边旅游 多日游	18772	3
破冰游戏 10人	8212	4
香港购买iphone6带回要交关税？	13272	3
戒烟副作用	2602	3
辽宁号 优劣	3356	3
清华大学游泳馆地址	10224	3
航母的战略意义	22193	4
清华大学 自行车	10813	1
死飞自行车 注意事项	5620	0
死飞 清华	3118	3
清华大学游泳馆开放时间段	25298	4
国际航班托运行李 	14581	4
北京周边游 攻略	26203	3
国际航班手提行李不能带 	14634	3
购买死飞  注意事项	16041	2
国际航班托运行李体积重量限制	4231	4
死飞 海淀	3152	3
北京周边旅游 一周	18743	3
托运行李限制 国际	17005	3
北京旅行5月	2764	3
清华西门卖死飞	21256	2
国际航班中哪些行李必须手提	23760	2
谷歌眼镜 价格	11015	3
北京周边旅游地点 7日游	19474	3
北京周边 度假旅行 7日	15171	2
死飞公园 清华	17267	3
清华大学游泳馆 场次	16834	2
 买死飞注意事项	25722	4
清华 游泳卡	7795	2
谷歌眼镜售价	9156	3
辽宁号	438	1
辽宁号航母基本信息	24398	3
死飞自行车 购买注意事项	23890	2
清华大学游泳馆 学生票价格	18612	2
国际航班 行李限制	12796	4
清华大学游泳馆 学生票价格	18611	2
死飞 清华大学 购买	11951	3
死飞自行车  购买注意事项	17949	3
吸烟 危害	17674	4
清华大学 购买死飞自行车	19694	2
谷歌眼镜 维基百科	22922	4
十渡攻略	26048	3
破冰游戏 大约十人参与 新员工培训	3552	3
港版iphone6 内地运营商	10723	3
在香港购买iphone6价格	10115	3
购买死飞自行车	9303	4
戒烟 坏处	5662	3
辽宁号历史	13136	0
死飞自行车 北京	24094	3
谷歌眼镜的功能	4767	2
航母的战略意义	22198	2
谷歌眼镜功能	10981	1
谷歌眼镜 售价	1532	3
清华附近买自行车	2520	0
北京旅游花费	9049	3
辽宁号与其他国家航母对比	26343	3
清华大学游泳馆	1638	4
港版iphone6 国行 价格	16734	3
google眼镜 使用方式	22984	3
清华 附近  死飞	10042	0
辽宁号航母 对比	6002	3
清华大学游泳馆 开放时间	5269	2
辽宁号  	17509	2
清华大学游泳馆校内具体地点	3748	2
死飞 清华附近	8087	3
清华大学游泳馆开放时间	7471	4
辽宁号航母 基本信息	5905	4
破冰游戏 员工培训	5521	4
5月北京周边旅游	11438	2
清华大学游泳馆 游泳卡价格	19950	2
辽宁号战略作用	13049	3
托运行李 国际航班 电脑	17114	4
清华大学游泳馆开放时间段	25303	4
死飞自行车  购买注意事项	17940	2
北京一周旅行攻略	15735	2
到美国的国际航班行李	21538	3
北京度假旅行	2171	0
北京5月 周边旅游 报价	6777	3
在香港购买iphone6价格	10116	3
辽宁号 基本信息	3319	1
戒烟好处	1895	4
清华大学游泳馆开放时间	7472	3
死飞 清华大学哪里有卖	11998	3
死飞自行车 清华附近 购买	22624	2
谷歌眼镜的价格	4832	1
破冰游戏 员工 十人	7427	4
清华大学 陈明游泳馆	8161	3
国际航班 手提 不能托运	7325	3
国际航班手提行李能携带多少液体	4256	3
死飞自行车 北京	24093	2
如何购买港版iphone6	9340	4
5月北京周边旅游	11409	3
北京周边度假旅行 一周	12437	2
港版iphone6和内地差价	24015	3
戒烟 副作用	8317	4
托运行李限制	2078	3
清华大学游泳馆所在地	3714	3
辽宁号与其他国家航母对比	26350	2
清华大学游泳馆	1633	2
iphone6 国行价格	12091	3
清华 附近  死飞	10033	3
哪些物品 手提行李	16214	3
员工 破冰游戏	15599	1
死飞自行车  价格区间	22832	3
托运行李限制	2076	3
谷歌眼镜功能	10980	0
国内iphone6价格	13233	4
破冰游戏 员工 十人	7433	3
在香港购买iphone6需要缴纳关税吗	3630	3
谷歌眼镜	1498	0
清华 死飞 推荐	6544	2
死飞自行车  价格区间	22826	3
清华大学游泳馆 地图	15266	3
十人 破冰游戏	15625	3
在香港买iphone6	21985	3
清华 死飞自行车	16272	2
辽宁号 优劣势	12782	3
内地iphone6价格	21439	3
北京周边游	2340	4
美国 不能带上飞机的行李	25508	3
死飞 购买注意事项	3234	3
北京5月 周边旅游推荐	6747	4
清华大学游泳馆 位置	22291	2
死飞自行车	78	1
谷歌眼镜 使用方式	8577	3
破冰游戏十人	2369	4
死飞自行车的价格区间 清华大学 	3969	4
北京五月一周度假旅行	2203	2
iphone6 香港 国内网络支持	23195	4
谷歌眼镜的价格	4824	1
清华大学游泳馆	1630	3
国行iphone6  价格	8407	4
清华大学 陈明游泳馆 价格	8188	2
北京出发五月一周度假旅行	10320	3
破冰游戏	3	4
辽宁号  历史	17486	2
中国运营商支持港版iphone6	2446	3
死飞自行车 北京  清华大学 购买渠道	22720	3
谷歌眼镜	1483	3
破冰游戏 新员工培训	14188	4
清华大学游泳馆 开放时间	5275	2
北京度假旅行  怀柔度假村	18489	2
美国 手提行李限制	8446	3
死飞自行车使用方法	14129	3
航母的战略作用	4704	4
清华大学陈明游泳馆	1923	3
北京度假旅行  一周旅行团	18401	0
破冰游戏 	25031	4
天龙潭村	24908	4
手提行李 液体	8740	3
北京周边旅游推荐	6722	0
瓦良格号	15550	4
在香港如何购买iphone6	3593	2
哪些物品必须托运	16238	3
戒烟副作用	2604	4
手提行李限制	100	4
死飞公园 清华 价格	17304	0
北京度假旅行  旅行团	18452	3
北京一周旅行攻略	15739	3
清华大学游泳馆位置	9357	2
 新人培训 破冰游戏 10人	20521	3
北京度假旅行	2167	3
谷歌眼镜功能	10977	2
破冰游戏 新员工培训 十人	16146	0
北京周边5日游	23284	2
破冰游戏十人	2360	4
iphone6国内售价	19851	4
哪些物品只能托运	8823	4
清华大学附近购买死飞自行车的渠道	9176	2
戒烟	209	2
北京度假旅行  旅行团	18444	3
死飞 购买注意	11985	4
辽宁号基本信息	1209	2
清华大学游泳馆地址	10226	4
必须手提的行李	24298	3
手提行李限制 国际	16977	3
港版iphone6 关税	5879	3
大兴野生动物园	26276	4
死飞自行车 注意事项	5618	2
戒烟 好处	8286	3
北京出发五月一周度假旅行	10319	0
清华大学游泳馆 场次	16831	2
托运行李限制 国际	17009	3
港版iphone6支持内地运营商网络吗	21489	2
谷歌眼镜 功能	4919	2
国际航班 行李要求	7085	4
死飞	22118	1
清华大学游泳馆	1645	0
清华大学游泳馆开放时间段	25302	4
北京周边游 攻略	26201	3
托运行李限制 国际	17007	4
戒烟措施	15489	2
谷歌眼镜	1502	3
谷歌眼镜 价格	11013	4
死飞公园 清华	17269	3
清华大学 游泳馆	8132	1
北京及周边休闲7日游 价格	12710	2
戒烟的副作用	4385	4
破冰游戏 新员工培训 10人	12731	3
戒烟	196	3
死飞公园 清华附近	8115	1
在香港买iphone6	21983	4
航空母舰的战略意义	26297	4
清华大学死飞自行车	629	3
5月北京附近旅游地	23992	3
十渡住宿	24476	2
死飞自行车的价格区间 清华大学 	3976	3
辽宁号基本信（排水量，舰长）	13043	3
死飞 价格	3179	3
手提行李液体 国际航班	2661	3
辽宁号与其他国家航母对比	26344	3
破冰游戏 大约十人参与 新员工培训	3550	3
港版国行iphone6 价格对比	6239	2
在香港购买iphone6价格	10113	3
清华西门 死飞公园	25678	4
戒烟好处	1898	3
北京周边7日游 花费	12654	3
国内 iphone6  价格  	18204	4
死飞自行车 北京	24092	2
手提行李限制 国际	16984	3
港版iphone6能使用国内运营商网络吗	3655	3
北京周边度假旅行	518	1
戒烟 坏处	5658	4
手提行李中不能携带的物品	8789	2
国际航班 液体托运	7194	3
死飞 购买注意	11983	4
网上买死飞 注意事项	6676	2
iphone6价格	10085	3
破冰游戏	8	3
北京旅游 7天	19517	3
iphone6	347	4
谷歌眼镜功能 使用方式	24222	4
清华大学游泳馆	1636	3
航母的战略作用	4718	4
死飞自行车价格	9965	2
谷歌眼镜价格	2586	4
死飞自行车 购买 注意	15480	2
死飞自行车 价格区间	23899	3
辽宁号	442	3
航母的战略作用	4724	3
香港 超过多少钱需要交关税	25431	2
国际航班中哪些行李必须托运	23725	2
航空母舰 战略作用	11680	4
死飞自行车 	23853	3
死飞自行车购买	19761	4
清华大学 死飞	7953	3
北京度假旅行 周边游	17231	2
清华大学附近死飞自行车购买	19668	3
港版iphone6	1119	3
港版iphone6 价格	16710	3
10人 破冰游戏	11562	4
死飞 价格	3180	3
北京度假旅行	2169	2
死飞公园  注意事项	16006	3
怀柔度假村 3日游 花费	6960	2
手提行李限制	104	3
辽宁号 与其他国家航母比较	9562	4
港版iphone6价格	10687	4
北京周边旅游推荐	6726	3
国际航班托运行李体积重量限制	4229	3
辽宁号与美国航母对比	26321	4
戒烟 坏处	5660	3
北京周边旅游	11475	3
港版iphone6 如何购买	5863	4
辽宁号航母的优势和劣势	24425	2
托运行李限制	2079	2
破冰游戏 大约十人参与 新员工培训	3547	4
北京周边度假旅行 一周	12435	3
留美 行李限制	9629	3
红螺寺 攻略	26177	2
国际航班 手提行李 液体	12821	3
戒烟的益处	13530	4
破冰游戏	4	3
清华大学游泳馆  开放时间	18026	4
谷歌眼镜 使用方式	8562	2
清华大学西门 哪里卖死飞	25656	2
关于合作的10人左右破冰游戏	24067	3
谷歌眼镜	1488	3
谷歌眼镜 功能	4923	4
菜户营桥西公交站	8031	4
北京周边地方度假旅游	4594	0
谷歌眼镜功能	10982	4
清华大学陈明游泳馆	1926	3
大约十人的破冰游戏	21829	4
死飞自行车  清华大学	17727	2
十渡攻略	26046	4
辽宁号战略意义	19999	4
清华大学 游泳馆	8136	1
港版iphone6 大陆iphone6	8365	4
港版iphone6	1112	2
死飞自行车 报价	16377	4
戒烟	200	2
破冰游戏 员工培训	5519	3
北京 京西草原	5425	3
iphone6港版售价	22359	3
故宫周边交通	13925	2
死飞公园  注意事项	16015	0
港版iphone6 关税	5877	2
北京周边游	2338	4
美国 不能带上飞机的行李	25510	4
死飞 购买注意事项	3236	2
死飞 五道口	7988	2
港版iphone6 国行 价格	16729	2
港版iphone6支持国内网络运营商	13293	4
清华 游泳卡	7778	0
国际航班哪些物品不能托运	4340	4
辽宁号的优势与劣势	20029	2
北京周边游	2332	3
iphone6大陆售价	22333	3
北京5月 周边旅游 攻略	6820	2
辽宁号 战略意义	7407	3
国际航班手提行李不能带 	14645	2
购买死飞自行车 清华大学	3847	3
戒烟 坏处	5656	3
清华大学附近 死飞 购买	21008	2
辽宁号航母 实力	6021	2
北京周边 旅行 五一	5407	0
青龙峡 红螺寺	26257	3
辽宁号 战略价值	10643	0
谷歌眼镜使用方法	20315	4
谷歌眼镜 功能	4914	2
员工破冰游戏	10262	4
死飞自行车价格	9969	0
辽宁号	436	2
辽宁号 与其他航母的优劣比较	23647	2
在香港购买iphone6需要缴纳关税吗	3621	3
清华大学游泳馆 游泳卡价格	19948	0
港版iphone6 国行 价格	16728	2
港版iphone6 购买	16197	4
港版iphone6缴纳关税	24248	3
清华大学游泳馆 地址	15235	3
北京周围 度假旅行 7日	15204	3
5月北京附近旅游地	23989	0
清华大学到十渡	26141	4
清华大学 自行车市场	10886	3
死飞  注意事项	22858	2
手提行李限制	102	3
密云水库住宿	24550	2
北京一周旅行攻略	15737	3
破冰游戏 大约十人参与	3525	4
国际航班对行李中液体限制	19816	3
5月北京周边旅游目的地	20760	3
死飞 注意事项	21119	3
死飞自行车  清华西门	18007	2
北京及周边休闲7日游线路	12681	4
google眼镜 价格	23002	3
清华大学游泳馆开放时间段	25295	2
清华大学	23937	4
清华大学游泳馆 所在地	12402	3
死飞公园 清华大学	15977	4
辽宁号的优劣	9413	2
航母的战略意义	22197	2
手提行李 液体	8734	3
谷歌眼镜 售价	1535	3
清华西湖游泳馆	15859	1
新手十人破冰游戏	13711	4
美国 不能托运的	25537	2
陈明游泳馆 办卡	15839	0
清华附近 死飞 购买	21064	3
托运行李 	17632	4
留美 行李限制	9631	3
清华大学游泳馆	1643	1
辽宁号 比较	9544	3
清华大学游泳馆 时间	16778	4
国际航班 手提行李限制	11810	3
谷歌眼镜	1500	3
死飞 清华附近	8088	0
在香港如何购买iphone6	3591	4
北京周边旅游	11470	3
辽宁号 优势劣势	19400	3
戒烟	198	4
辽宁号 战略意义	7404	4
美国 托运行李规定	25478	3
买死飞要注意什么	22140	2
携港版iphone6回内地需要交关税吗	24043	2
在香港购买iphone6需要缴纳关税吗	3640	3
留美 什么必须托运	9709	2
港版iphone6 价格	16707	4
死飞自行车  购买注意事项	17945	2
死飞 价格	3177	4
北京度假旅行	2174	2
辽宁号  战略目标	17458	3
吸烟 危害	17668	3
国内iphone6售价	9316	4
国际航班托运行李 	14576	3
陈明游泳馆 时间	16804	2
北京周围 度假旅行 7日	15205	2
死飞自行车 注意事项	5627	3
死飞自行车  清华西门	18016	2
谷歌眼镜 售价	1528	1
死飞自行车  价格区间	22828	3
国际航班 手提行李限制	11812	4
死飞 购买注意	11981	0
清华大学游泳馆 西湖游泳馆	16862	3
谷歌眼镜 使用方法	4966	4
北京出发五月一周度假旅行	10323	2
清华大学游泳馆	1634	2
辽宁号  基本信息	17435	2
死飞自行车价格	9967	1
天龙潭村旅游报价	24942	3
国际航班哪些物品不能手提	4363	4
谷歌眼镜价格	2584	2
清华大学游泳馆 开放时间	5265	3
iphone6 大陆 港版	3275	4
iphone6 港版价格	12073	4
员工 破冰游戏	15594	4
航空母舰的战略意义	26303	3
辽宁号	440	4
北戴河旅游 7天	19577	3
死飞自行车  清华大学	17724	3
破冰游戏 员工培训	5513	1
清华附近自行车店	10006	1
北京周边旅游地点 7日游	19471	3
香港购买iphone6	1123	4
港版iphone6	1117	3
留美 手提行李 液体	9689	2
破冰游戏 员工培训	5512	4
吸烟 危害	17670	3
死飞自行车购买注意事项	2510	2
清华大学游泳馆所在地	3717	2
哪些物品必须托运	16244	2
 清华大学  购买死飞	17828	2
买死飞 注意事项	6632	2
辽宁号优势	2466	2
国际航班中有关行李的规定	23694	4
 新人培训 破冰游戏 10人	20515	4
清华大学游泳馆具体位置	24861	0
死飞自行车	75	3
谷歌眼镜 如何使用	25378	4
谷歌眼镜 使用	11032	2
破冰游戏 10人	8220	4
谷歌眼镜的功能	4772	4
破冰游戏 新员工培训 10人	12728	4
辽宁号 尺寸	16481	2
清华大学游泳馆 价钱	11754	4
国际航班中有关行李的规定	23696	4
死飞自行车	81	0
清华大学游泳馆时间	3452	3
港版iphone6 关税	5885	2
那些行李必须手提	24688	2
香港购买iphone6	1124	3
谷歌眼镜 使用方式	8564	4
国际航班哪些物品不能手提	4364	2
谷歌眼镜	1486	2
北京周边旅游景点	12542	3
北京度假旅行  怀柔度假村	18490	4
iphone6 香港售价 关税	23185	2
破冰游戏 员工培训	5514	1
北京周边地方度假旅游	4592	3
辽宁号 战略价值	10639	4
辽宁号	435	2
在香港买iphone6	21984	4
5月北京周边旅游	11425	2
大约十人的破冰游戏	21831	4
手提行李限制 国际航班	2651	3
港版 iphone6关税 	20392	3
港版iphone6能否支持国内的通信	19928	3
在香港购买iphone6需要缴纳关税吗	3626	2
清华大学 死飞自行车市场	10919	4
戒烟方法	9753	3
港版iphone6	1110	0
辽宁号优势	2465	3
戒烟	202	3
十人 破冰游戏	15621	4
清华大学西门 哪里卖死飞	25657	3
美国 托运行李规定	25482	4
在香港如何购买iphone6	3588	3
手提行李中不能携带的物品	8785	3
手提行李限制	99	3
北京周边游	2336	3
死飞自行车的价格区间 清华大学 	3970	2
买死飞 注意事项	6627	4
国际航班中手提行李中可以有多少液体	8705	2
死飞自行车清华附近	24977	3
清华大学附近 死飞自行车	9940	3
清华附近卖死飞	21228	0
破冰游戏十人	2365	4
破冰游戏 10人	8211	3
辽宁号优劣	24798	3
戒烟副作用	2603	2
香港购买iphone6 关税多少	14476	3
辽宁号 战略意义	7405	3
清华大学游泳馆 tsinghua	23130	4
港版iphone6 关税	5882	2
吸烟 危害	17667	3
香港购买iphone6	1125	4
破冰游戏 企业培训	17172	3
北京出发五月一周度假旅行	10316	2
港版iphone6	2426	3
死飞 五道口	7987	3
买死飞注意事项	21323	2
港版国行iphone6 价格	6267	3
国际航班 手提液体	23462	2
清华 死飞专卖	11642	3
国际航班托运行李体积重量限制	4232	3
港版iphone6能否支持国内的通信	19934	3
谷歌眼镜 使用方法	4970	3
死飞 清华	3122	3
国际航班 手提行李 液体 规定	12851	4
辽宁号与其他航母比较	11701	4
辽宁号 比较	9543	3
破冰游戏 员工培训	5522	4
戒烟措施	15490	4
清华西门卖死飞	21259	2
港iphone6  国内运营商	18269	4
陈明游泳馆	15811	3
 买死飞注意事项	25721	2
清华大学游泳馆 具体地址	25205	4
iphone6关税	15647	2
购买港版iphone6	19877	4
死飞 清华	3117	3
清华附近自行车店	10010	3
买死飞要注意什么	22137	3
香港 iphone6  价格  	18223	3
清华大学游泳馆信息	21875	2
辽宁号优劣	24790	2
死飞  注意事项	22860	3
辽宁号 优	3369	3
港版iphone6 在哪买	6171	2
谷歌眼镜的使用方式	4789	4
故宫周边交通	13930	1
手提行李液体 国际航班	2658	2
行李限制 中美航班	15710	4
死飞自行车 北京 购买渠道	22690	3
国际航班 手提 托运 体积 重量 限制	20585	4
辽宁号与其他航母相比 优势和劣势	20881	2
港版iphone6价格	10689	3
戒烟 方法	14867	3
国际航班行李限制统一规定	13609	3
港版iphone6 关税	5875	3
 清华大学  死飞专卖店	17882	1
北京周边 度假旅行 一周	15136	3
辽宁号 战略意义	7402	3
辽宁号  历史	17484	3
北京周边 旅行 五一	5398	0
内地iphone6售价	24635	4
香港购买iphone 关税	14422	3
清华大学游泳馆 所在地	12404	2
谷歌眼镜 使用方法	4963	4
北京5月 度假 攻略	6864	3
辽宁号与其他国家航母对比	26342	4
清华大学游泳馆	1641	1
美国 手提行李限制	8445	4
辽宁号基本信（排水量，舰长）	13035	2
google眼镜 使用方式	22985	2
清华 附近  死飞	10041	3
谷歌眼镜 价格	11017	3
辽宁号  	17508	2
清华大学游泳馆 具体地址	25197	2
5月北京周边旅游	11429	2
戒烟的益处	13532	3
破冰游戏 新员工培训	14183	4
清华大学游泳馆 地点	21142	3
清华大学游泳馆地址	10229	1
香港 超过多少钱需要交关税	25426	4
港版 大陆iphone6 价格	20383	3
购买港版iphone6是否缴纳关税	24669	3
死飞自行车 海淀	5591	2
北京旅行	2721	3
辽宁号优劣	24799	2
破冰游戏 自我介绍	11147	1
北京度假旅行  一周旅行团	18373	2
留美 手提行李 液体	9682	3
北京一周旅行攻略	15734	4
辽宁号的基本信息	21378	4
国际航班行李限制	13591	4
清华大学游泳馆开放时间	7475	0
破冰游戏  十人	7456	4
破冰游戏 互相介绍  公司	17144	1
新员工培训大约十人的破冰游戏	21853	1
北京周边地方七日游	4651	2
死飞自行车 清华附近	2485	0
破冰游戏 大约十人参与	3526	4
清华大学游泳馆时间	3451	4
手提行李 中国美国	15680	3
死飞自行车 清华附近	2479	3
清华大学游泳馆	1632	2
辽宁号与其他国家航母的对比	22455	4
辽宁号航母 优劣	14944	2
辽宁号优劣势	1215	0
iphone6 大陆 港版	3273	3
航母 战略作用	5961	4
员工 破冰游戏	15596	0
戒烟 副作用	8339	3
辽宁号与其他航母比较	11699	2
戒烟本身的副作用	12285	4
港版iphone6	2431	3
国际航班手提行李可携带液体数	13633	3
北京度假旅行  一周旅行团	18393	3
清华大学游泳馆 西湖游泳馆	16864	2
死飞自行车 购买 注意事项	15462	2
清华大学游泳馆 游泳卡价格	19942	0
死飞 清华大学 购买	11954	2
香港购买iphone 关税	14421	3
港版iphone6	1115	2
香港购买iphone6 关税	1147	3
清华大学游泳馆 校内具体位置	3811	2
购买港版iphone6	19881	4
北京周边五日以上度假旅行	2298	2
港版iphone6	1120	3
港版iphone6需要关税吗	22315	3
托运行李限制 国际航班	19339	3
辽宁号 基本信息	3317	3
死飞公园  注意事项	16010	2
死飞  注意事项	22848	3
 清华大学  购买死飞	17826	3
死飞 注意事项	3209	3
辽宁号 与其他国家航母比较	9566	3
清华大学游泳馆 西湖游泳馆	16868	2
谷歌眼镜 价格 2014	4939	4
辽宁号基本信息	1195	4
美国 托运行李限制	8472	3
辽宁号与美国航母对比	26325	2
破冰游戏 员工 十人	7426	4
清华 游泳卡	7774	3
国际航班 手提 不能托运	7315	4
谷歌眼镜的功能	4768	4
托运行李限制	2075	4
清华 游泳卡	7796	2
戒烟副作用	2608	2
破冰游戏 十人	23619	4
死飞自行车	83	4
国行iphone6  价格	8406	3
港版iphone6 关税	5887	2
北京 死飞	11585	2
死飞自行车 清华大学	5576	2
购买死飞自行车 清华大学	3848	4
辽宁号历史	13143	2
北京度假旅行  一周旅行团	18382	2
谷歌眼镜 使用方式	8566	3
买死飞注意事项	21324	4
谷歌眼镜	1484	2
港版iphone6 入关关税	6227	2
iphone6国行 价格	16742	3
辽宁号航母 基本信息	5897	4
美国 手提行李限制	8447	3
员工破冰游戏	10259	4
死飞 清华大学	8009	4
托运行李限制	2077	3
死飞自行车  购买 注意	5641	3
大约十人的破冰游戏	21833	4
北京度假旅行  一周旅行团	18406	3
陈明游泳馆	15814	4
国际航班 行李物品要求	7136	3
谷歌眼镜	1497	2
破冰游戏 新员工培训	14187	2
北京周边旅游推荐	6723	3
北京周边旅游	11472	3
谷歌眼镜售价	9154	1
戒烟	204	4
戒烟 好处	8285	4
北京周边五日以上度假旅行	2301	3
清华大学游泳馆 地址	15238	3
北京周边旅游7天	19443	2
死飞  注意事项	22855	3
手提行李限制	101	3
港版iphone6  价格	8377	1
国际航班哪些物品必须手提	4290	3
谷歌眼镜 价格 2014	4936	3
破冰游戏 自我介绍	11149	4
死飞自行车清华附近	24979	2
北京周边旅游 多日游	18773	2
破冰游戏 10人	8213	4
清华大学游泳馆 具体地址	25196	2
北京周边度假旅行 一周	12433	3
航母能发挥的战略作用	24429	3
清华大学游泳馆地址	10225	2
北京 京西草原	5427	2
破冰游戏  十人	7449	4
吸烟 危害	17678	3
港版iphone6 关税	5876	3
清华大学游泳馆时间	3458	1
北京周边度假旅行 7天	12472	2
死飞 购买注意	11987	2
清华大学游泳馆 场次	16830	2
辽宁号  历史	17483	0
北京周边 旅行 五一	5403	3
破冰游戏 大约十人参与	3524	4
辽宁号航母 历史	5920	4
北京周边 旅行 五一	5399	3
清华大学陈明游泳馆学生价格	2007	2
谷歌眼镜 功能	4918	3
清华买死飞	6466	2
清华大学游泳馆	1644	1
港版iphone6 国行 价格	16735	2
辽宁号基本信（排水量，舰长）	13036	2
谷歌眼镜 售价	1546	4
国际航班 液体登机	7287	3
辽宁号  	17503	4
清华大学游泳馆校内具体地点	3746	2
清华大学游泳馆开放时间	7480	3
辽宁号航母 实力	6029	3
手提行李限制 国际航班	2630	4
死飞自行车 清华附近 价格区间	22784	3
戒烟	197	3
辽宁号优势	2464	3
辽宁号 维基	12753	4
清华附近自行车店	10012	2
买死飞要注意什么	22139	3
北京周边  7天旅游	12511	3
死飞公园 清华 价格	17298	3
死飞自行车 报价	16360	2
死飞自行车  购买注意事项	17950	2
北京一周旅行攻略	15741	3
旅行	10343	3
清华大学游泳馆 所在地	12407	3
十渡攻略	26049	4
辽宁号与其他航母比较	11700	3
在香港购买iphone6价格	10114	3
清华西门 死飞公园	25679	3
辽宁号相比较其他航母的优势和劣势	4748	3
辽宁号历史	13137	3
大陆iphone6	3261	0
死飞自行车购买清华大学附近	19743	3
辽宁号的优劣	9417	2
清华大学游泳馆校内具体地点	3749	2
清华大学露天泳池 学生价格	25280	3
清华大学游泳馆 游泳卡	18630	3
清华大学陈明游泳馆价格	1953	2
清华大学游泳馆 价钱	11748	3
清华大学游泳馆位置	9364	0
清华大学游泳馆 校内具体位置	3807	2
10人 破冰游戏	11558	4
手提行李   液体容量	17604	3
必须手提的行李	24297	2
北京度假旅行景点推荐	13860	4
5月 北京周边旅游 	20818	2
香港购买iphone 关税	14419	3
清华大学游泳馆 所在地	12410	3
死飞自行车 北京	24087	3
国际航班手提行李体积重量限制	4206	3
辽宁号的基本信息	21372	2
清华大学死飞自行车	630	3
国际航班 行李要求	7091	3
破冰游戏 新员工培训 10人	12730	0
辽宁号航速	15535	2
北京周边地方度假七日旅游	4626	3
香港 iphone6   关税	18247	2
清华大学 死飞	7952	4
北京度假旅行 周边游	17230	2
港版iphone6 关税	5878	2
死飞自行车 清华	3093	3
港版iphone6 价格	16711	4
辽宁号航母 对比	6006	3
国际航班手提行李可携带液体	13656	4
死飞自行车  清华大学	17728	2
北京度假旅行	2170	2
手提行李限制 液体	8503	3
手提行李限制	105	3
国际航班行李限制	13589	4
清华大学游泳馆开放时间	7473	2
港版iphone6价格	10686	4
死飞公园 清华 价格	17307	3
5月北京周边旅游目的地	20775	3
新员工培训大约十人的破冰游戏	21851	4
谷歌眼镜 使用	11035	2
破冰游戏 10人	8217	4
北京度假旅行 5月	24452	2
国际航班手提行李能携带多少液体	4257	4
有效戒烟	16678	3
国际航班 托运行李限制	23397	4
买死飞 注意事项	6625	0
如何购买港版iphone6	9339	3
辽宁号 不足	3396	4
北京周边5月 度假 攻略	6916	4
辽宁号与美国航母对比	26327	2
清华大学游泳馆位置	9358	2
破冰游戏	5	4
港版iphone6 入关	6197	4
北京周边的度假胜地	9028	3
谷歌眼镜	1489	3
 新人培训 破冰游戏	20496	3
清华大学游泳馆 开放时间	5277	2
戒烟	213	4
北京度假旅行	2187	3
港版iphone6 需不需要关税	19892	3
辽宁号	444	4
辽宁号航母基本信息	24404	4
破冰游戏 企业培训	17181	0
清华陈明游泳馆 开放时间	7500	4
死飞自行车  清华大学	17726	2
死飞公园 价格	25832	2
在香港买iphone 6	25454	4
国行iphone6价格	3573	4
港版iphone6	1113	3
港版iphone6 购买	16205	0
破冰游戏 员工培训	5516	3
清华大学游泳馆位置	9361	2
航母作用	3422	3
清华大学游泳馆 地址	15243	2
国际航班手提行李体积重量限制	4201	4
国际航班 托运行李	10587	4
避暑山庄旅游 7天	19598	4
死飞  注意事项	22850	3
 清华大学  购买死飞	17824	3
辽宁号  基本信息	17436	4
辽宁号 与其他国家航母比较	9568	3
清华大学 游泳 票价	7608	4
死飞 购买注意事项	3235	0
死飞自行车	79	0
北京周边旅游 多日游	18776	4
死飞自行车  价格区间	22827	3
北京 死飞	11583	3
清华大学游泳馆	1631	3
留美 行李中什么必须托运	9729	2
国际航班 美国 行李限制	24274	4
北京周边5月 度假 攻略	6915	4
港版iphone6 关税	5881	2
死飞自行车 清华大学	5578	2
戒烟 好处	8287	3
国际航班行李	21506	4
破冰游戏	2	3
新手十人破冰游戏	13719	4
北京周边 旅行 五一	5404	3
辽宁号 战略价值	10640	3
谷歌眼镜 功能能	14834	4
北京周边 度假旅行 	7848	1
谷歌眼镜 功能	4913	1
清华大学死飞自行车	632	2
留美 行李限制	9623	2
辽宁号	439	3
北京 京西草原 交通	5460	3
北京周边游 攻略	26202	3
辽宁号 战略意义	7403	4
北京周边旅游地点	19417	3
航母作用	3425	2
北京度假旅行  一周旅行团	18400	2
北京 旅行 五一	5371	3
北京5月 周边旅游推荐	6755	2
国际航班 手提行李限制	11811	3
手提行李限制 国际航班 液体	19269	3
死飞公园 清华附近	8109	3
航空母舰的战略意义	26298	4
清华大学游泳馆 地址	15236	2
清华附近自行车店	10009	1
国际航班 托运行李	10578	3
清华大学露天游泳馆	25246	1
手提行李限制	103	3
北京度假旅行  旅行团	18459	2
北京一周旅行攻略	15736	2
行李限制 中美航班	15709	3
北京度假旅行	2166	2
清华 死飞自行车	16270	3
北京周边旅游 多日游	18775	3
辽宁号与其他航母比较	11697	3
破冰游戏十人	2361	4
破冰游戏 10人	8215	3
破冰游戏 企业培训	17179	0
北京五月份一周度假旅行	2234	3
死飞自行车	92	3
死飞公园 清华大学	15978	0
清华陈明游泳馆 价格	7517	2
航母的战略意义	22194	3
谷歌眼镜 使用	11031	2
死飞自行车 注意事项	5619	3
死飞自行车 清华大学	5571	2
清华西湖游泳馆	15858	3
行李 液体	6043	3
清华大学游泳馆 场次	16828	3
辽宁号  历史	17481	3
托运行李限制 国际	17008	3
谷歌眼镜功能	10975	2
航母 战略意义	14921	4
清华大学游泳馆	1650	3
辽宁号与其他国家航母的对比	22459	3
辽宁号 比较	9547	4
清华大学游泳馆 时间	16779	3
托运行李限制 国际	17006	4
如何在香港购买iphone6	13253	4
北京附近度假地	23963	3
谷歌眼镜 价格	11012	1
香港购买iphone6 关税多少	14489	2
北京度假旅行	2183	2
清华 死飞自行车	16266	3
